,bond length,anion,icohp
0,1.82032,O,-5.5313300000000005
1,1.82513,O,-5.38927
2,1.81924,O,-5.49035
3,1.8444,O,-5.06727
4,1.73947,O,-7.00129
5,1.86535,O,-4.793329999999999
6,1.84511,O,-5.04376
7,1.95765,O,-3.62648
8,1.86535,O,-4.79332
9,1.95766,O,-3.62642
10,1.84511,O,-5.04374
11,1.84442,O,-5.06709
12,1.81922,O,-5.49055
13,1.73947,O,-7.00129
14,1.82032,O,-5.5313099999999995
15,1.82513,O,-5.3893699999999995
16,2.04845,F,-2.40071
17,1.96403,F,-2.95395
18,1.96459,F,-2.96463
19,2.02964,F,-2.51068
20,1.9462,F,-3.13213
21,1.94691,F,-3.1308499999999997
22,2.03357,F,-2.49059
23,2.02835,F,-2.54955
24,1.95166,F,-3.08161
25,1.9483,F,-3.14444
26,1.91927,F,-3.3793100000000003
27,1.92054,F,-3.35358
28,2.02969,F,-2.42401
29,2.03877,F,-2.51615
30,2.02642,F,-2.56722
31,1.99304,F,-2.8359
32,2.03877,F,-2.51615
33,1.99304,F,-2.8359
34,2.02643,F,-2.56719
35,1.94691,F,-3.13086
36,1.9462,F,-3.13213
37,2.02835,F,-2.54957
38,2.03357,F,-2.49054
39,1.9483,F,-3.14443
40,1.95166,F,-3.08161
41,2.02968,F,-2.4240500000000003
42,1.92054,F,-3.35358
43,1.91927,F,-3.3793100000000003
44,2.04845,F,-2.4007199999999997
45,2.02964,F,-2.51071
46,1.96458,F,-2.96468
47,1.96404,F,-2.9539
48,1.73312,O,-7.08308
49,1.79599,O,-6.023630000000001
50,1.95996,O,-3.6746
51,1.96443,O,-3.51931
52,1.73633,O,-7.014799999999999
53,1.97626,O,-3.51164
54,1.78905,O,-6.14009
55,1.96014,O,-3.56546
56,1.89112,O,-4.4048300000000005
57,1.81898,O,-5.57104
58,2.11504,O,-2.4756400000000003
59,1.94712,O,-3.94818
60,1.9437,O,-3.97926
61,2.11122,O,-2.48882
62,1.95437,O,-3.7746
63,2.05872,O,-2.8451
64,1.95882,F,-3.0317499999999997
65,1.95956,F,-3.02808
66,1.95208,F,-3.14438
67,1.95163,F,-3.14316
68,1.97641,F,-2.77413
69,1.98423,F,-2.7461
70,1.87286,F,-3.8951599999999997
71,1.87112,F,-3.91272
72,1.86999,F,-3.9275599999999997
73,1.87158,F,-3.90846
74,1.87553,F,-3.80488
75,1.88343,F,-3.7313
76,1.9255,F,-3.34409
77,1.92194,F,-3.3611500000000003
78,1.96599,F,-2.98164
79,1.96565,F,-2.98252
80,2.01651,F,-2.49405
81,2.03922,F,-2.40534
82,2.03982,F,-2.40329
83,2.0087,F,-2.6977700000000002
84,1.95807,F,-3.0496
85,1.95805,F,-3.05375
86,1.92245,F,-3.35166
87,1.92643,F,-3.3373
88,2.02129,F,-2.46326
89,2.03792,F,-2.4145
90,2.03725,F,-2.41732
91,2.00598,F,-2.71908
92,1.99709,F,-2.73211
93,1.99502,F,-2.7455100000000003
94,1.99423,F,-2.75629
95,1.99883,F,-2.7230499999999997
96,1.80468,O,-5.74848
97,1.85839,O,-4.89035
98,1.72354,O,-7.25497
99,1.8811,O,-4.72678
100,1.88319,O,-4.66134
101,1.96219,O,-3.52541
102,1.80323,O,-5.7904
103,1.80699,O,-5.6585
104,1.76079,O,-6.5607299999999995
105,1.8628,O,-4.76549
106,1.88908,O,-4.470750000000001
107,1.75771,O,-6.5084
108,1.98811,O,-3.56418
109,1.98524,O,-3.6314
110,1.93999,O,-3.8217
111,1.90173,O,-4.19292
112,1.89488,F,-3.66164
113,1.89489,F,-3.63844
114,1.91966,F,-3.43128
115,1.92532,F,-3.36102
116,2.01486,F,-2.5909
117,1.89115,F,-3.6923
118,1.89115,F,-3.67387
119,1.88154,F,-3.80968
120,1.87757,F,-3.82219
121,2.00884,F,-2.67442
122,1.91413,F,-3.42638
123,1.91413,F,-3.40877
124,1.98572,F,-2.80437
125,1.9908,F,-2.80928
126,1.99306,F,-2.6399
127,2.02479,F,-2.5025
128,2.01673,F,-2.56294
129,2.00802,F,-2.6795
130,1.99698,F,-2.69072
131,1.99699,F,-2.716
132,2.06307,F,-2.31924
133,2.02231,F,-2.52644
134,1.99612,F,-2.69153
135,1.99612,F,-2.70878
136,2.04616,F,-2.37717
137,2.01678,F,-2.61291
138,1.96927,F,-2.90308
139,1.96927,F,-2.92172
140,2.04924,F,-2.46891
141,2.01354,F,-2.5483700000000002
142,2.04496,F,-2.49142
143,2.01784,F,-2.60008
144,1.79513,O,-5.7572600000000005
145,1.8197,O,-5.3346800000000005
146,1.79513,O,-5.75786
147,1.8197,O,-5.33525
148,1.83618,O,-5.09975
149,1.83865,O,-5.06139
150,1.94429,O,-3.9261
151,1.94426,O,-3.96995
152,1.93377,O,-3.8688000000000002
153,1.94316,O,-3.81219
154,1.83618,O,-5.09924
155,1.83863,O,-5.0607500000000005
156,1.94425,O,-3.9687900000000003
157,1.9443,O,-3.92554
158,1.93377,O,-3.86846
159,1.94317,O,-3.81126
160,1.90654,F,-3.6280799999999997
161,1.90653,F,-3.6169900000000004
162,1.9487,F,-3.1243499999999997
163,1.94871,F,-3.1624800000000004
164,1.96702,F,-2.8629499999999997
165,1.88334,F,-3.8764700000000003
166,1.88334,F,-3.8455500000000002
167,1.94781,F,-3.1335100000000002
168,1.94782,F,-3.16341
169,1.96991,F,-2.86256
170,1.90654,F,-3.63027
171,1.90653,F,-3.61533
172,1.94872,F,-3.1643999999999997
173,1.94871,F,-3.1227600000000004
174,1.96702,F,-2.86298
175,1.88334,F,-3.87601
176,1.88334,F,-3.8468
177,1.94782,F,-3.1639
178,1.9478,F,-3.1337
179,1.96991,F,-2.8628299999999998
180,2.06471,F,-2.3075
181,2.06471,F,-2.3269599999999997
182,1.94427,F,-3.10927
183,1.94427,F,-3.12617
184,2.08752,F,-2.14102
185,2.08752,F,-2.1741
186,2.06471,F,-2.30728
187,2.06471,F,-2.3266799999999996
188,1.94426,F,-3.1243600000000002
189,1.94427,F,-3.11063
190,2.08752,F,-2.14245
191,2.08752,F,-2.1720800000000002
192,1.87082,O,-4.73599
193,1.87094,O,-4.69944
194,1.90693,O,-4.2639
195,1.90674,O,-4.30594
196,1.85047,O,-5.0685199999999995
197,1.88369,O,-4.487970000000001
198,1.8837,O,-4.45932
199,1.85862,O,-4.94377
200,1.89843,O,-4.28866
201,1.89841,O,-4.31278
202,1.88945,O,-4.47389
203,1.88805,O,-4.41155
204,1.88806,O,-4.40771
205,1.8862,O,-4.52055
206,1.89216,O,-4.36503
207,1.89214,O,-4.3607
208,1.88486,F,-3.84361
209,1.88487,F,-3.83475
210,1.89379,F,-3.71
211,1.89636,F,-3.63755
212,1.83779,F,-4.12833
213,1.83739,F,-4.14414
214,1.93087,F,-3.4014800000000003
215,1.93083,F,-3.41437
216,1.97217,F,-2.8943399999999997
217,1.97458,F,-2.85572
218,1.94005,F,-2.97325
219,1.94015,F,-2.96507
220,1.94583,F,-3.20842
221,1.94582,F,-3.2277899999999997
222,2.01535,F,-2.5773
223,2.02018,F,-2.58774
224,1.94805,F,-3.20187
225,1.94807,F,-3.18864
226,1.93705,F,-3.21596
227,1.94189,F,-3.20111
228,2.07789,F,-2.2299100000000003
229,2.07789,F,-2.23128
230,2.0376,F,-2.4732700000000003
231,2.032,F,-2.53904
232,2.03206,F,-2.52477
233,2.03746,F,-2.47716
234,2.01671,F,-2.64827
235,2.01674,F,-2.6342499999999998
236,2.04817,F,-2.44753
237,2.01444,F,-2.65578
238,2.01442,F,-2.67062
239,2.0434,F,-2.4786599999999996
240,1.82989,O,-5.27231
241,1.82545,O,-5.33004
242,1.82506,O,-5.33262
243,1.82622,O,-5.30769
244,1.83067,O,-5.26578
245,1.82114,O,-5.38888
246,1.82626,O,-5.310930000000001
247,1.82224,O,-5.3494600000000005
248,1.82545,O,-5.329890000000001
249,1.82989,O,-5.27257
250,1.82114,O,-5.38772
251,1.83067,O,-5.26499
252,1.82622,O,-5.30892
253,1.82506,O,-5.3334
254,1.82224,O,-5.34939
255,1.82626,O,-5.31091
256,1.97559,F,-2.96425
257,1.97559,F,-2.9676299999999998
258,2.00343,F,-2.65678
259,2.01453,F,-2.60269
260,1.97291,F,-2.98461
261,1.97291,F,-2.9793000000000003
262,2.00815,F,-2.6307099999999997
263,2.01328,F,-2.61564
264,1.97291,F,-2.98335
265,1.97291,F,-2.9779099999999996
266,2.00231,F,-2.66373
267,2.01859,F,-2.5736600000000003
268,1.97011,F,-2.99696
269,1.97011,F,-2.99962
270,2.00666,F,-2.6447700000000003
271,2.01705,F,-2.5985199999999997
272,1.97559,F,-2.9669
273,1.97559,F,-2.96489
274,2.01453,F,-2.6026100000000003
275,2.00343,F,-2.65663
276,1.97291,F,-2.97832
277,1.97291,F,-2.9822800000000003
278,2.01859,F,-2.57327
279,2.00231,F,-2.6630000000000003
280,1.97291,F,-2.97981
281,1.97291,F,-2.98488
282,2.01328,F,-2.6163499999999997
283,2.00815,F,-2.63145
284,1.97011,F,-3.0004600000000003
285,1.97011,F,-2.99633
286,2.01705,F,-2.59894
287,2.00666,F,-2.6447599999999998
288,1.79721,O,-5.662240000000001
289,1.79723,O,-5.64845
290,1.87622,O,-4.620699999999999
291,1.88203,O,-4.561070000000001
292,1.87622,O,-4.6072500000000005
293,1.88205,O,-4.57239
294,1.77863,O,-6.2546800000000005
295,1.81011,O,-5.428570000000001
296,1.77863,O,-6.259790000000001
297,1.81012,O,-5.3972
298,1.93609,O,-3.9092900000000004
299,1.8843,O,-4.51626
300,1.8784,O,-4.5423100000000005
301,1.93609,O,-3.90993
302,1.8843,O,-4.49583
303,1.8784,O,-4.55825
304,1.91251,F,-3.56154
305,1.9125,F,-3.5498000000000003
306,1.90679,F,-3.5312799999999998
307,1.90873,F,-3.52937
308,1.96103,F,-2.89701
309,1.91251,F,-3.56264
310,1.9125,F,-3.55047
311,1.90679,F,-3.5350599999999996
312,1.90873,F,-3.52832
313,1.96102,F,-2.90274
314,1.93329,F,-3.33013
315,1.93329,F,-3.32809
316,1.99353,F,-2.7707699999999997
317,1.99683,F,-2.71923
318,1.93329,F,-3.32834
319,1.93329,F,-3.3285299999999998
320,1.99353,F,-2.77021
321,1.99683,F,-2.7185699999999997
322,2.04982,F,-2.4100099999999998
323,2.04983,F,-2.4185600000000003
324,2.04646,F,-2.37107
325,1.97681,F,-2.7751200000000003
326,2.04982,F,-2.40726
327,2.04983,F,-2.4247
328,2.04646,F,-2.37476
329,1.97682,F,-2.78954
330,2.02187,F,-2.59139
331,2.02187,F,-2.5943899999999998
332,2.04383,F,-2.4872699999999996
333,2.02187,F,-2.59216
334,2.02187,F,-2.59176
335,2.04383,F,-2.48682
336,1.87142,O,-4.64996
337,1.87139,O,-4.650259999999999
338,1.87139,O,-4.65259
339,1.87142,O,-4.65362
340,1.87142,O,-4.64297
341,1.8714,O,-4.6422
342,1.8714,O,-4.64232
343,1.8714,O,-4.64657
344,1.73406,O,-7.19067
345,1.7342,O,-7.1883099999999995
346,2.00486,O,-3.2243000000000004
347,1.87148,O,-4.6243
348,1.87149,O,-4.619759999999999
349,2.0048,O,-3.2256099999999996
350,1.87147,O,-4.62346
351,1.87146,O,-4.62444
352,1.99286,F,-2.84061
353,1.99285,F,-2.82504
354,1.9402,F,-3.19522
355,1.94395,F,-3.18663
356,1.99286,F,-2.84564
357,1.99285,F,-2.82256
358,1.94019,F,-3.2004
359,1.94395,F,-3.18462
360,1.95996,F,-3.08186
361,1.95996,F,-3.0821899999999998
362,1.96504,F,-2.9969200000000003
363,1.96822,F,-2.95359
364,1.95996,F,-3.08695
365,1.95996,F,-3.07878
366,1.96504,F,-3.0005699999999997
367,1.96823,F,-2.9513499999999997
368,1.96355,F,-3.05226
369,1.96354,F,-3.07722
370,2.06817,F,-2.21307
371,1.89877,F,-3.43822
372,1.89877,F,-3.4168399999999997
373,1.96353,F,-3.05485
374,1.96354,F,-3.07564
375,2.06811,F,-2.21462
376,1.89875,F,-3.41811
377,1.89876,F,-3.4390099999999997
378,1.98845,F,-2.8483400000000003
379,1.98847,F,-2.83819
380,2.01031,F,-2.75934
381,1.98845,F,-2.8370100000000003
382,1.98847,F,-2.8508500000000003
383,2.01029,F,-2.76035
384,1.8729,O,-4.82477
385,1.88459,O,-4.65878
386,1.78409,O,-6.194599999999999
387,1.99008,O,-3.52981
388,1.9857,O,-3.61153
389,1.84739,O,-5.07314
390,1.84804,O,-5.02234
391,1.84132,O,-5.12124
392,1.84126,O,-5.1186799999999995
393,1.98317,O,-3.5121
394,1.98223,O,-3.5551700000000004
395,1.80686,O,-5.65992
396,1.94741,O,-3.7992
397,1.98753,O,-3.48009
398,1.98762,O,-3.48367
399,1.8792,O,-4.537599999999999
400,1.87086,F,-3.96973
401,1.87057,F,-3.98263
402,1.84416,F,-4.14944
403,1.84438,F,-4.14401
404,1.92905,F,-3.2802
405,1.92847,F,-3.30703
406,1.86715,F,-4.004
407,1.87075,F,-3.96751
408,1.84035,F,-4.20604
409,1.84015,F,-4.20628
410,1.93146,F,-3.27168
411,1.93217,F,-3.23926
412,1.94911,F,-3.15198
413,1.955,F,-3.1220499999999998
414,1.98267,F,-2.70373
415,1.98268,F,-2.70837
416,2.08475,F,-2.1851000000000003
417,1.99677,F,-2.592
418,1.9968,F,-2.6003600000000002
419,2.06764,F,-2.26107
420,2.06809,F,-2.24329
421,1.92446,F,-3.25413
422,1.92844,F,-3.2240200000000003
423,2.06383,F,-2.27018
424,2.07542,F,-2.2104999999999997
425,1.93307,F,-3.18045
426,1.93511,F,-3.1558200000000003
427,1.9902,F,-2.80169
428,1.99303,F,-2.76365
429,2.02324,F,-2.49499
430,2.06393,F,-2.40345
431,2.01499,F,-2.6056
432,1.85191,O,-4.82517
433,1.85191,O,-4.78722
434,1.8519,O,-4.78754
435,1.85191,O,-4.828519999999999
436,1.85191,O,-4.82973
437,1.85191,O,-4.79043
438,1.85191,O,-4.79054
439,1.85191,O,-4.82875
440,1.85191,O,-4.82621
441,1.85191,O,-4.7875499999999995
442,1.85191,O,-4.79079
443,1.85191,O,-4.82491
444,1.85191,O,-4.82548
445,1.85191,O,-4.78548
446,1.8519,O,-4.78629
447,1.85191,O,-4.82629
448,1.97696,F,-2.9710900000000002
449,1.97697,F,-2.9257400000000002
450,1.97697,F,-2.92923
451,1.97697,F,-2.96848
452,1.97697,F,-2.96295
453,1.97697,F,-2.93531
454,1.97697,F,-2.92955
455,1.97697,F,-2.96945
456,1.97697,F,-2.95306
457,1.97697,F,-2.94649
458,1.97697,F,-2.9642299999999997
459,1.97697,F,-2.93511
460,1.97697,F,-2.94832
461,1.97697,F,-2.9509
462,1.97697,F,-2.96476
463,1.97697,F,-2.93423
464,1.97697,F,-2.92912
465,1.97696,F,-2.96841
466,1.97697,F,-2.92836
467,1.97697,F,-2.97005
468,1.97697,F,-2.92882
469,1.97696,F,-2.9687900000000003
470,1.97697,F,-2.93081
471,1.97697,F,-2.9687099999999997
472,1.97696,F,-2.94673
473,1.97697,F,-2.9500599999999997
474,1.97696,F,-2.97199
475,1.97697,F,-2.92391
476,1.97696,F,-2.9517499999999997
477,1.97697,F,-2.9453899999999997
478,1.97696,F,-2.97051
479,1.97697,F,-2.92618
480,1.78221,O,-5.95666
481,1.8245,O,-5.24575
482,1.87617,O,-4.65913
483,1.8799,O,-4.61072
484,1.89152,O,-4.44848
485,1.90008,O,-4.39239
486,1.71023,O,-7.38974
487,1.88043,O,-4.7478
488,1.88136,O,-4.689069999999999
489,1.91813,O,-3.8482399999999997
490,1.81838,O,-5.43979
491,1.85836,O,-4.73372
492,2.00244,O,-3.43046
493,2.00122,O,-3.49955
494,1.97028,O,-3.53029
495,1.90065,O,-4.31391
496,1.93777,F,-3.3151
497,1.93778,F,-3.33391
498,1.89903,F,-3.61721
499,1.89906,F,-3.58337
500,1.97143,F,-2.83214
501,1.89238,F,-3.74795
502,1.89239,F,-3.74546
503,1.90187,F,-3.5671999999999997
504,1.90192,F,-3.5642
505,1.96953,F,-2.8668199999999997
506,1.94322,F,-3.2338500000000003
507,1.94322,F,-3.24445
508,1.98932,F,-2.75514
509,1.98932,F,-2.78423
510,1.9221,F,-3.43876
511,1.9221,F,-3.4307600000000003
512,1.98408,F,-2.80311
513,1.98409,F,-2.80764
514,2.02782,F,-2.5899799999999997
515,2.02782,F,-2.57262
516,1.90849,F,-3.45297
517,1.90858,F,-3.48249
518,1.94747,F,-2.89131
519,2.06881,F,-2.27807
520,2.0688,F,-2.28975
521,1.97183,F,-2.84506
522,2.01586,F,-2.6475
523,2.01586,F,-2.6329399999999996
524,1.98498,F,-2.8015
525,1.98495,F,-2.76502
526,2.03711,F,-2.48062
527,2.03711,F,-2.48154
528,1.89491,O,-4.416
529,1.89492,O,-4.42242
530,1.87877,O,-4.62134
531,1.87878,O,-4.61383
532,1.85584,O,-4.838089999999999
533,1.85585,O,-4.83808
534,1.93907,O,-3.98218
535,1.93973,O,-3.9537500000000003
536,1.91784,O,-4.0741
537,1.91784,O,-4.07611
538,1.85687,O,-4.79856
539,1.85684,O,-4.8052399999999995
540,1.97322,O,-3.62819
541,1.9733,O,-3.6332199999999997
542,1.91681,O,-4.07123
543,1.91685,O,-4.0624199999999995
544,1.94299,F,-3.3016300000000003
545,1.94297,F,-3.3031800000000002
546,1.9709,F,-2.8965899999999998
547,1.97092,F,-2.89479
548,1.93385,F,-3.01964
549,1.93385,F,-3.01818
550,1.87535,F,-3.93579
551,1.87535,F,-3.9399100000000002
552,1.89726,F,-3.6472300000000004
553,1.89726,F,-3.6520200000000003
554,1.83984,F,-4.09693
555,1.83984,F,-4.0992999999999995
556,1.96297,F,-3.07147
557,1.96296,F,-3.06779
558,1.94176,F,-3.1828399999999997
559,1.94175,F,-3.19433
560,1.93253,F,-3.3439699999999997
561,1.93254,F,-3.33925
562,2.0154,F,-2.59528
563,2.0154,F,-2.60574
564,2.02153,F,-2.61336
565,2.02153,F,-2.61192
566,1.94826,F,-3.13228
567,1.9482,F,-3.12981
568,2.08915,F,-2.15529
569,2.08916,F,-2.15672
570,2.00154,F,-2.75767
571,2.00154,F,-2.76002
572,1.96447,F,-2.99539
573,1.9644,F,-2.99133
574,2.03198,F,-2.5236
575,2.03197,F,-2.52393
576,1.80443,O,-5.56659
577,1.80441,O,-5.5829
578,1.80443,O,-5.57179
579,1.80441,O,-5.57848
580,1.85349,O,-4.95501
581,1.88621,O,-4.4466
582,1.89207,O,-4.404780000000001
583,1.85349,O,-4.95707
584,1.88621,O,-4.44482
585,1.89206,O,-4.39661
586,1.8535,O,-4.97998
587,1.88621,O,-4.44798
588,1.89207,O,-4.39152
589,1.8535,O,-4.9823
590,1.88621,O,-4.4452
591,1.89206,O,-4.3904499999999995
592,1.89024,F,-3.78521
593,1.89025,F,-3.80188
594,1.9515,F,-3.1550599999999998
595,1.95365,F,-3.09345
596,1.96291,F,-2.89672
597,1.89024,F,-3.7762000000000002
598,1.89025,F,-3.8057499999999997
599,1.9515,F,-3.15261
600,1.95365,F,-3.09087
601,1.96291,F,-2.88779
602,1.89025,F,-3.77564
603,1.89025,F,-3.8068
604,1.95149,F,-3.11627
605,1.95364,F,-3.1289800000000003
606,1.96291,F,-2.89307
607,1.89025,F,-3.7845
608,1.89025,F,-3.79681
609,1.95149,F,-3.11688
610,1.95364,F,-3.12758
611,1.96291,F,-2.89014
612,2.08109,F,-2.22439
613,2.0811,F,-2.18919
614,2.04348,F,-2.4284
615,2.08109,F,-2.2271900000000002
616,2.0811,F,-2.1840200000000003
617,2.04348,F,-2.4250499999999997
618,2.08108,F,-2.22017
619,2.0811,F,-2.1901
620,2.04346,F,-2.41552
621,2.0811,F,-2.20556
622,2.08108,F,-2.20412
623,2.04346,F,-2.4145000000000003
624,1.71664,O,-7.4688300000000005
625,1.77152,O,-6.3721499999999995
626,1.83742,O,-5.20564
627,1.82577,O,-5.4323
628,1.99013,O,-3.27562
629,1.84451,O,-5.063129999999999
630,1.86798,O,-4.83159
631,1.86844,O,-4.8433
632,1.97302,O,-3.47056
633,1.735,O,-7.076689999999999
634,1.94246,O,-3.82194
635,1.98565,O,-3.59434
636,1.98291,O,-3.58527
637,1.91204,O,-4.14098
638,1.87462,O,-4.692069999999999
639,1.77568,O,-6.25393
640,1.85572,F,-4.07138
641,1.8593,F,-4.04096
642,1.8569,F,-4.01768
643,1.86143,F,-3.99368
644,1.90246,F,-3.55502
645,1.90316,F,-3.56076
646,1.93356,F,-3.28488
647,1.93949,F,-3.21198
648,2.00017,F,-2.6003
649,1.97366,F,-2.88802
650,1.97591,F,-2.8558
651,2.03752,F,-2.42312
652,2.00208,F,-2.61041
653,2.00766,F,-2.56974
654,2.03862,F,-2.46819
655,2.05329,F,-2.37714
656,2.00979,F,-2.69852
657,2.04744,F,-2.4277
658,2.03333,F,-2.4363900000000003
659,2.04021,F,-2.37984
660,2.0136,F,-2.6709
661,1.97326,F,-2.90786
662,1.97636,F,-2.91502
663,1.90899,F,-3.4416
664,1.91318,F,-3.43165
665,2.01548,F,-2.5061
666,2.04362,F,-2.48922
667,2.0264,F,-2.57746
668,2.04711,F,-2.45871
669,1.96883,F,-2.91364
670,1.97468,F,-2.8566
671,2.03652,F,-2.43096
672,1.72435,O,-7.355510000000001
673,1.73795,O,-6.9939
674,1.75432,O,-6.70318
675,1.80176,O,-5.84928
676,1.94248,O,-3.7466
677,1.93368,O,-3.88638
678,2.00686,O,-3.17136
679,1.91849,O,-4.23653
680,1.92049,O,-4.234389999999999
681,1.98283,O,-3.37354
682,1.72976,O,-7.19926
683,1.92219,O,-4.2360299999999995
684,1.91853,O,-4.245290000000001
685,1.91154,O,-4.15293
686,1.89573,O,-4.41452
687,1.7731,O,-6.303089999999999
688,2.02749,F,-2.4462099999999998
689,1.93017,F,-3.20982
690,1.93429,F,-3.21374
691,1.95406,F,-3.04536
692,1.95465,F,-3.0666
693,1.94054,F,-3.19312
694,1.93755,F,-3.2561299999999997
695,2.0179,F,-2.49398
696,1.93354,F,-3.25308
697,1.93627,F,-3.21796
698,1.90545,F,-3.51165
699,1.90499,F,-3.54878
700,1.92731,F,-3.27002
701,1.9336,F,-3.20037
702,2.06428,F,-2.25209
703,2.06346,F,-2.30824
704,1.99161,F,-2.82794
705,1.9986,F,-2.81378
706,2.02965,F,-2.59886
707,2.00929,F,-2.69678
708,1.97102,F,-2.95992
709,1.97324,F,-2.91351
710,1.91526,F,-3.36778
711,1.91958,F,-3.35816
712,2.01633,F,-2.50242
713,1.99717,F,-2.72482
714,1.99917,F,-2.68916
715,2.02415,F,-2.59346
716,2.03543,F,-2.5533
717,1.95145,F,-3.04937
718,1.95696,F,-2.99694
719,2.03377,F,-2.44594
720,1.82956,O,-5.25584
721,1.84138,O,-5.14966
722,1.82955,O,-5.25594
723,1.84138,O,-5.14956
724,1.84137,O,-5.14968
725,1.82957,O,-5.25568
726,1.84137,O,-5.14968
727,1.82957,O,-5.25566
728,1.82956,O,-5.25584
729,1.84138,O,-5.14966
730,1.82956,O,-5.25584
731,1.84138,O,-5.14956
732,1.84137,O,-5.14968
733,1.82957,O,-5.25578
734,1.84137,O,-5.14968
735,1.82957,O,-5.25577
736,1.94684,F,-3.12416
737,1.95266,F,-3.08376
738,2.00221,F,-2.65564
739,2.03785,F,-2.48206
740,1.94684,F,-3.12416
741,1.95266,F,-3.08376
742,2.00221,F,-2.65564
743,2.03784,F,-2.48212
744,2.03784,F,-2.4821
745,2.00221,F,-2.65566
746,1.94685,F,-3.12414
747,1.95267,F,-3.08374
748,2.03784,F,-2.4821
749,2.00222,F,-2.65562
750,1.94685,F,-3.12414
751,1.95267,F,-3.08376
752,1.94684,F,-3.12416
753,1.95266,F,-3.08376
754,2.00221,F,-2.6557
755,2.03785,F,-2.48206
756,1.94684,F,-3.12416
757,1.95266,F,-3.08376
758,2.00221,F,-2.6557
759,2.03784,F,-2.48212
760,2.03784,F,-2.48208
761,2.00223,F,-2.65556
762,1.94685,F,-3.12414
763,1.95267,F,-3.08374
764,2.03784,F,-2.48208
765,2.00223,F,-2.65556
766,1.94685,F,-3.12414
767,1.95267,F,-3.08374
768,1.79911,O,-5.81576
769,1.85207,O,-4.9387
770,1.80888,O,-5.72238
771,1.80257,O,-5.68692
772,1.76577,O,-6.48832
773,1.85783,O,-4.82774
774,1.72624,O,-7.230090000000001
775,1.88307,O,-4.709949999999999
776,1.88342,O,-4.66436
777,1.97037,O,-3.46448
778,1.89272,O,-4.43641
779,1.76018,O,-6.49519
780,1.94758,O,-3.76279
781,1.98786,O,-3.57642
782,1.98738,O,-3.61618
783,1.91239,O,-4.084
784,1.91964,F,-3.39979
785,1.9237,F,-3.4002
786,1.89153,F,-3.67353
787,1.89154,F,-3.66894
788,2.01976,F,-2.56457
789,1.87818,F,-3.8207500000000003
790,1.88047,F,-3.8106299999999997
791,1.88863,F,-3.7013800000000003
792,1.88861,F,-3.6938899999999997
793,2.01246,F,-2.66162
794,2.05069,F,-2.3818099999999998
795,1.99128,F,-2.73085
796,1.99128,F,-2.7421100000000003
797,2.03322,F,-2.47604
798,2.03809,F,-2.41295
799,1.99175,F,-2.71875
800,1.99175,F,-2.7253
801,2.025,F,-2.56037
802,1.98349,F,-2.85322
803,1.98989,F,-2.78124
804,1.91973,F,-3.38424
805,1.91972,F,-3.37459
806,1.98705,F,-2.66927
807,2.0163,F,-2.57349
808,2.02257,F,-2.50771
809,1.99974,F,-2.72296
810,2.04588,F,-2.47684
811,1.97731,F,-2.8552299999999997
812,1.97729,F,-2.86652
813,2.01254,F,-2.55126
814,2.03624,F,-2.53554
815,2.01154,F,-2.65197
816,1.78878,O,-6.02014
817,1.89475,O,-4.28302
818,1.7581,O,-6.54968
819,1.87883,O,-4.55073
820,1.79271,O,-5.89358
821,1.78641,O,-6.1621
822,1.85682,O,-4.80006
823,1.81267,O,-5.54652
824,1.81794,O,-5.4339
825,1.79312,O,-5.92028
826,1.82889,O,-5.23232
827,1.84669,O,-5.01794
828,1.79437,O,-5.8157
829,1.92347,O,-4.07756
830,1.87435,O,-4.61084
831,1.85171,O,-4.8987300000000005
832,1.94513,F,-3.17442
833,1.94428,F,-3.21044
834,2.04495,F,-2.39408
835,1.99149,F,-2.8346
836,1.92758,F,-3.33656
837,1.93146,F,-3.33414
838,1.90776,F,-3.46492
839,1.91739,F,-3.40064
840,2.0377,F,-2.40184
841,1.94598,F,-3.16405
842,1.95282,F,-3.12834
843,2.01357,F,-2.68394
844,2.03452,F,-2.4538
845,2.08079,F,-2.21138
846,1.95807,F,-2.99262
847,1.96896,F,-2.91868
848,2.00529,F,-2.70952
849,1.97699,F,-2.93323
850,1.97663,F,-2.89524
851,2.03929,F,-2.46432
852,2.02168,F,-2.55352
853,1.99089,F,-2.80658
854,1.99885,F,-2.7373
855,2.03262,F,-2.47758
856,2.01651,F,-2.6064
857,1.96892,F,-2.97971
858,1.97393,F,-2.93535
859,2.03189,F,-2.53486
860,2.01875,F,-2.56182
861,2.03958,F,-2.56982
862,2.02778,F,-2.57352
863,2.01463,F,-2.61916
864,1.82208,O,-5.35729
865,1.83702,O,-5.22323
866,1.82208,O,-5.35651
867,1.83703,O,-5.22218
868,1.8436,O,-5.1553
869,1.82073,O,-5.38466
870,1.84361,O,-5.15208
871,1.82073,O,-5.385529999999999
872,1.82208,O,-5.3574
873,1.83703,O,-5.222340000000001
874,1.82208,O,-5.356529999999999
875,1.83702,O,-5.2232
876,1.8436,O,-5.152900000000001
877,1.82073,O,-5.385120000000001
878,1.8436,O,-5.15485
879,1.82072,O,-5.38534
880,1.94283,F,-3.16807
881,1.9484,F,-3.1239
882,2.01578,F,-2.60886
883,2.047,F,-2.4503899999999996
884,1.94284,F,-3.16613
885,1.9484,F,-3.1263199999999998
886,2.01578,F,-2.6094600000000003
887,2.04699,F,-2.45123
888,2.04206,F,-2.47142
889,2.01758,F,-2.58756
890,1.94566,F,-3.14324
891,1.95222,F,-3.10208
892,2.04205,F,-2.47335
893,2.01756,F,-2.58802
894,1.94566,F,-3.14354
895,1.95222,F,-3.10298
896,1.94283,F,-3.1664199999999996
897,1.94841,F,-3.12586
898,2.01578,F,-2.6088500000000003
899,2.04699,F,-2.45103
900,1.94284,F,-3.16791
901,1.9484,F,-3.1244899999999998
902,2.01578,F,-2.6095800000000002
903,2.047,F,-2.45071
904,2.04206,F,-2.4730499999999997
905,2.01757,F,-2.5882199999999997
906,1.95222,F,-3.10273
907,1.94566,F,-3.14373
908,2.04206,F,-2.47188
909,2.01758,F,-2.58749
910,1.95222,F,-3.10238
911,1.94566,F,-3.14322
912,1.71459,O,-7.60416
913,1.84136,O,-5.14597
914,1.92281,O,-4.1145499999999995
915,1.92283,O,-4.1089400000000005
916,1.90312,O,-4.32747
917,1.95381,O,-3.7463800000000003
918,1.92306,O,-4.089639999999999
919,1.92303,O,-4.10537
920,1.86409,O,-4.78156
921,1.90828,O,-4.27752
922,1.90825,O,-4.2726500000000005
923,2.07108,O,-2.7114900000000004
924,1.94867,O,-3.80274
925,1.97771,O,-3.5312900000000003
926,1.93697,O,-3.92918
927,1.93702,O,-3.9234999999999998
928,1.91496,F,-3.5172499999999998
929,1.91463,F,-3.5552799999999998
930,1.95046,F,-3.03685
931,1.95401,F,-3.00537
932,1.9763,F,-2.76594
933,1.97631,F,-2.76943
934,1.85823,F,-4.08943
935,1.86188,F,-4.06395
936,1.90077,F,-3.5917399999999997
937,1.90086,F,-3.60205
938,1.86735,F,-3.8861600000000003
939,1.86733,F,-3.88486
940,1.90989,F,-3.54735
941,1.91359,F,-3.55166
942,1.93757,F,-3.13985
943,1.94132,F,-3.12307
944,1.94216,F,-3.07017
945,1.94214,F,-3.07282
946,2.02823,F,-2.45908
947,1.99959,F,-2.68905
948,1.99996,F,-2.68798
949,1.91522,F,-3.36699
950,1.91522,F,-3.36596
951,2.03577,F,-2.51112
952,2.03493,F,-2.46721
953,2.03776,F,-2.45997
954,2.08329,F,-2.1722599999999996
955,2.08953,F,-2.12303
956,2.03226,F,-2.52283
957,2.04301,F,-2.4418800000000003
958,2.04003,F,-2.48081
959,2.07883,F,-2.3260899999999998
960,1.92567,O,-4.03728
961,1.92578,O,-4.0434
962,1.92571,O,-4.03945
963,1.92571,O,-4.0420300000000005
964,1.93467,O,-3.9613500000000004
965,1.93478,O,-3.9617899999999997
966,1.93465,O,-3.9623
967,1.93482,O,-3.9627999999999997
968,1.93481,O,-3.95566
969,1.93466,O,-3.9676400000000003
970,1.9348,O,-3.96212
971,1.93463,O,-3.96425
972,1.9258,O,-4.03315
973,1.92567,O,-4.040419999999999
974,1.92573,O,-4.04085
975,1.92573,O,-4.03785
976,1.86649,F,-4.02276
977,1.8665,F,-4.0264299999999995
978,1.87509,F,-3.71407
979,1.87532,F,-3.7145099999999998
980,1.8753,F,-3.7192999999999996
981,1.87509,F,-3.7234800000000003
982,1.90381,F,-3.7439
983,1.9038,F,-3.73869
984,1.98522,F,-2.82428
985,1.98529,F,-2.82575
986,1.98522,F,-2.82901
987,1.98529,F,-2.8321
988,1.90381,F,-3.74182
989,1.9038,F,-3.73742
990,1.98529,F,-2.85073
991,1.98523,F,-2.85478
992,1.98529,F,-2.84883
993,1.98522,F,-2.84755
994,1.86649,F,-4.01969
995,1.8665,F,-4.02412
996,1.8753,F,-3.71952
997,1.87511,F,-3.72888
998,1.87506,F,-3.72165
999,1.87532,F,-3.71549
1000,2.11588,F,-2.01272
1001,2.11587,F,-2.0088
1002,2.07856,F,-2.1884699999999997
1003,2.07857,F,-2.19275
1004,2.07856,F,-2.1892500000000004
1005,2.07857,F,-2.19322
1006,2.11588,F,-2.01389
1007,2.11587,F,-2.00926
1008,1.78948,O,-5.82043
1009,1.81773,O,-5.3523
1010,1.87299,O,-4.71058
1011,1.87331,O,-4.69367
1012,1.89762,O,-4.38731
1013,1.90142,O,-4.37698
1014,1.82353,O,-5.3216
1015,1.8384,O,-5.04361
1016,1.97062,O,-3.77987
1017,1.97061,O,-3.7290900000000002
1018,1.95338,O,-3.69454
1019,1.93003,O,-3.9795
1020,1.7177,O,-7.23262
1021,1.9083,O,-4.3860399999999995
1022,1.90832,O,-4.42549
1023,1.91029,O,-3.94946
1024,1.90963,F,-3.57435
1025,1.90963,F,-3.5735900000000003
1026,1.91258,F,-3.4521100000000002
1027,1.91259,F,-3.46062
1028,1.97018,F,-2.83812
1029,1.88779,F,-3.7921300000000002
1030,1.88782,F,-3.79427
1031,1.91221,F,-3.44484
1032,1.91222,F,-3.4670699999999997
1033,1.96795,F,-2.8658799999999998
1034,1.9731,F,-3.00436
1035,1.97311,F,-2.99568
1036,1.97119,F,-2.9157599999999997
1037,1.97118,F,-2.91269
1038,1.92715,F,-3.38767
1039,1.92714,F,-3.39022
1040,1.97001,F,-2.9298
1041,1.97,F,-2.90692
1042,2.05211,F,-2.39684
1043,2.05211,F,-2.40135
1044,1.96813,F,-2.9250100000000003
1045,1.96815,F,-2.9125
1046,2.07346,F,-2.25473
1047,2.07346,F,-2.23687
1048,1.99027,F,-2.8390899999999997
1049,1.99024,F,-2.8599699999999997
1050,1.92012,F,-3.3366100000000003
1051,1.9201,F,-3.35324
1052,1.95224,F,-2.85269
1053,2.03064,F,-2.5337199999999998
1054,2.03065,F,-2.53565
1055,1.96511,F,-2.88625
1056,1.82975,O,-5.27518
1057,1.82669,O,-5.32147
1058,1.82975,O,-5.28251
1059,1.82669,O,-5.30035
1060,1.82974,O,-5.2712699999999995
1061,1.82668,O,-5.31681
1062,1.82975,O,-5.26522
1063,1.8267,O,-5.313689999999999
1064,1.82976,O,-5.27873
1065,1.82667,O,-5.30776
1066,1.82975,O,-5.2666
1067,1.82671,O,-5.31504
1068,1.82975,O,-5.269080000000001
1069,1.82669,O,-5.30292
1070,1.82975,O,-5.2777899999999995
1071,1.82668,O,-5.32693
1072,1.97286,F,-2.9751
1073,1.97286,F,-2.98847
1074,2.0034,F,-2.66085
1075,2.00939,F,-2.6243
1076,1.97285,F,-2.9962
1077,1.97286,F,-2.9680600000000004
1078,2.0034,F,-2.65899
1079,2.00939,F,-2.63158
1080,1.97285,F,-2.97851
1081,1.97286,F,-2.98727
1082,2.0034,F,-2.66357
1083,2.00939,F,-2.62798
1084,1.97286,F,-2.98859
1085,1.97286,F,-2.9814
1086,2.00339,F,-2.66981
1087,2.00939,F,-2.63272
1088,1.97286,F,-2.99662
1089,1.97287,F,-2.96847
1090,2.00339,F,-2.6617800000000003
1091,2.0094,F,-2.63076
1092,1.97288,F,-2.9644399999999997
1093,1.97286,F,-3.00145
1094,2.00339,F,-2.66556
1095,2.00938,F,-2.6285
1096,1.97287,F,-2.98663
1097,1.97287,F,-2.98243
1098,2.00339,F,-2.66841
1099,2.00939,F,-2.63551
1100,1.97286,F,-2.9765699999999997
1101,1.97286,F,-2.98399
1102,2.0034,F,-2.65625
1103,2.0094,F,-2.62028
1104,1.82535,O,-5.32479
1105,1.82536,O,-5.324199999999999
1106,1.82535,O,-5.326309999999999
1107,1.82534,O,-5.3273
1108,1.82535,O,-5.3285800000000005
1109,1.82534,O,-5.3252299999999995
1110,1.82535,O,-5.3255
1111,1.82534,O,-5.3246
1112,1.82535,O,-5.32536
1113,1.82535,O,-5.323869999999999
1114,1.82535,O,-5.32764
1115,1.82535,O,-5.327590000000001
1116,1.82535,O,-5.32836
1117,1.82534,O,-5.32663
1118,1.82535,O,-5.32474
1119,1.82534,O,-5.32405
1120,1.97266,F,-2.97314
1121,1.97266,F,-2.9952699999999997
1122,2.0112,F,-2.6199399999999997
1123,2.0112,F,-2.61968
1124,1.97266,F,-2.97377
1125,1.97266,F,-2.99412
1126,2.0112,F,-2.61903
1127,2.01119,F,-2.6181900000000002
1128,1.97266,F,-2.97517
1129,1.97266,F,-2.99248
1130,2.01121,F,-2.6178600000000003
1131,2.0112,F,-2.61899
1132,1.97266,F,-2.97484
1133,1.97266,F,-2.99124
1134,2.0112,F,-2.61763
1135,2.0112,F,-2.61768
1136,1.97267,F,-2.99532
1137,1.97265,F,-2.97268
1138,2.0112,F,-2.61944
1139,2.0112,F,-2.61957
1140,1.97267,F,-2.99322
1141,1.97265,F,-2.97354
1142,2.0112,F,-2.61787
1143,2.01119,F,-2.61742
1144,1.97267,F,-2.99193
1145,1.97265,F,-2.97527
1146,2.01121,F,-2.6177599999999996
1147,2.0112,F,-2.6182499999999997
1148,1.97267,F,-2.9919000000000002
1149,1.97265,F,-2.97497
1150,2.0112,F,-2.61837
1151,2.0112,F,-2.6183
1152,1.83049,O,-5.27273
1153,1.83128,O,-5.25697
1154,1.83049,O,-5.26736
1155,1.8313,O,-5.269399999999999
1156,1.83156,O,-5.25398
1157,1.82649,O,-5.30359
1158,1.83156,O,-5.25239
1159,1.8265,O,-5.32406
1160,1.8284,O,-5.28636
1161,1.8248,O,-5.3263
1162,1.8284,O,-5.29088
1163,1.82478,O,-5.33355
1164,1.82941,O,-5.27599
1165,1.82061,O,-5.38694
1166,1.82942,O,-5.2731200000000005
1167,1.82061,O,-5.3739
1168,1.97423,F,-2.9675700000000003
1169,1.97423,F,-2.98549
1170,2.00601,F,-2.6478
1171,2.00546,F,-2.6536999999999997
1172,1.97423,F,-2.96936
1173,1.97423,F,-2.98085
1174,2.00601,F,-2.64698
1175,2.00546,F,-2.6475799999999996
1176,1.9715,F,-2.98544
1177,1.9715,F,-2.99838
1178,2.0047,F,-2.66021
1179,2.01005,F,-2.6319
1180,1.9715,F,-2.9886299999999997
1181,1.9715,F,-2.99227
1182,2.00471,F,-2.65749
1183,2.01005,F,-2.62181
1184,1.97455,F,-2.98367
1185,1.97455,F,-2.96311
1186,2.00121,F,-2.67115
1187,2.01176,F,-2.6225199999999997
1188,1.97455,F,-2.97959
1189,1.97455,F,-2.96585
1190,2.0012,F,-2.66897
1191,2.01176,F,-2.61895
1192,1.97182,F,-2.99195
1193,1.97182,F,-2.9809900000000003
1194,2.00013,F,-2.67429
1195,2.01571,F,-2.59118
1196,1.97182,F,-2.98807
1197,1.97182,F,-2.98764
1198,2.00013,F,-2.6778199999999996
1199,2.01572,F,-2.59842
1200,1.82516,O,-5.3255
1201,1.82148,O,-5.3657
1202,1.82515,O,-5.32566
1203,1.82148,O,-5.36608
1204,1.82516,O,-5.32545
1205,1.82148,O,-5.36587
1206,1.82517,O,-5.32491
1207,1.82148,O,-5.365220000000001
1208,1.82516,O,-5.32783
1209,1.82148,O,-5.36547
1210,1.82516,O,-5.327579999999999
1211,1.82148,O,-5.36522
1212,1.82516,O,-5.324579999999999
1213,1.82148,O,-5.36589
1214,1.82517,O,-5.32451
1215,1.82148,O,-5.36592
1216,1.9724,F,-2.972
1217,1.9724,F,-2.9989299999999997
1218,2.0107,F,-2.62311
1219,2.01817,F,-2.58635
1220,1.9724,F,-2.9821799999999996
1221,1.97241,F,-2.98932
1222,2.01069,F,-2.62332
1223,2.01816,F,-2.58679
1224,1.9724,F,-2.98347
1225,1.97241,F,-2.98695
1226,2.0107,F,-2.6222000000000003
1227,2.01817,F,-2.58607
1228,1.9724,F,-2.96793
1229,1.9724,F,-3.00138
1230,2.0107,F,-2.62181
1231,2.01817,F,-2.5857799999999997
1232,1.9724,F,-2.99237
1233,1.9724,F,-2.97743
1234,2.0107,F,-2.62122
1235,2.01817,F,-2.5857799999999997
1236,1.9724,F,-2.9940300000000004
1237,1.9724,F,-2.9752
1238,2.0107,F,-2.62101
1239,2.01817,F,-2.58567
1240,1.9724,F,-2.99384
1241,1.9724,F,-2.97734
1242,2.0107,F,-2.6231999999999998
1243,2.01817,F,-2.58641
1244,1.9724,F,-2.99568
1245,1.9724,F,-2.97556
1246,2.01069,F,-2.62317
1247,2.01817,F,-2.5865299999999998
1248,1.83135,O,-5.258509999999999
1249,1.82217,O,-5.36393
1250,1.82656,O,-5.31189
1251,1.82318,O,-5.342230000000001
1252,1.83136,O,-5.25911
1253,1.82217,O,-5.363899999999999
1254,1.82654,O,-5.3102
1255,1.82317,O,-5.34148
1256,1.82503,O,-5.32625
1257,1.82022,O,-5.383419999999999
1258,1.82081,O,-5.37681
1259,1.82138,O,-5.3593399999999995
1260,1.82505,O,-5.32593
1261,1.82022,O,-5.38377
1262,1.82081,O,-5.3754100000000005
1263,1.82138,O,-5.358639999999999
1264,1.97396,F,-2.97832
1265,1.97396,F,-2.97234
1266,2.00476,F,-2.64986
1267,2.02107,F,-2.57106
1268,1.97104,F,-2.9934
1269,1.97104,F,-2.9925699999999997
1270,2.00947,F,-2.62799
1271,2.01968,F,-2.5834799999999998
1272,1.97396,F,-2.98208
1273,1.97395,F,-2.96826
1274,2.00475,F,-2.64945
1275,2.02107,F,-2.57075
1276,1.97104,F,-2.9833100000000004
1277,1.97104,F,-3.00204
1278,2.00947,F,-2.62772
1279,2.01968,F,-2.58327
1280,1.97427,F,-2.97289
1281,1.97428,F,-2.97385
1282,2.01107,F,-2.6208
1283,2.01684,F,-2.5890199999999997
1284,1.97139,F,-2.98764
1285,1.9714,F,-2.9934700000000003
1286,2.01519,F,-2.59943
1287,2.01519,F,-2.60637
1288,1.97428,F,-2.96264
1289,1.97428,F,-2.9840299999999997
1290,2.01107,F,-2.62107
1291,2.01684,F,-2.58926
1292,1.97138,F,-3.00274
1293,1.9714,F,-2.9774599999999998
1294,2.01519,F,-2.59899
1295,2.01518,F,-2.6056
1296,1.83178,O,-5.2575199999999995
1297,1.83178,O,-5.25825
1298,1.82715,O,-5.30744
1299,1.83298,O,-5.2411200000000004
1300,1.83298,O,-5.24015
1301,1.82715,O,-5.30564
1302,1.82823,O,-5.29313
1303,1.82823,O,-5.29427
1304,1.8232,O,-5.351990000000001
1305,1.82321,O,-5.35191
1306,1.81906,O,-5.402990000000001
1307,1.82428,O,-5.3253
1308,1.82428,O,-5.32424
1309,1.81906,O,-5.40202
1310,1.82012,O,-5.375640000000001
1311,1.82012,O,-5.3757
1312,1.97491,F,-2.97832
1313,1.9749,F,-2.9655699999999996
1314,2.00803,F,-2.63606
1315,2.00803,F,-2.63577
1316,1.9722,F,-2.9941199999999997
1317,1.97219,F,-2.9796300000000002
1318,2.01247,F,-2.61397
1319,2.00659,F,-2.64837
1320,1.9722,F,-2.9933
1321,1.97219,F,-2.9790200000000002
1322,2.00659,F,-2.6471799999999996
1323,2.01247,F,-2.61309
1324,1.96945,F,-3.00887
1325,1.96944,F,-2.99665
1326,2.01115,F,-2.62274
1327,2.01115,F,-2.62264
1328,1.97558,F,-2.9552199999999997
1329,1.97559,F,-2.97417
1330,2.00963,F,-2.62239
1331,2.00962,F,-2.6224600000000002
1332,1.97287,F,-2.97522
1333,1.97288,F,-2.98675
1334,2.01391,F,-2.59886
1335,2.00852,F,-2.63783
1336,1.97287,F,-2.97433
1337,1.97288,F,-2.98691
1338,2.00851,F,-2.63712
1339,2.01391,F,-2.59836
1340,1.97012,F,-2.9913
1341,1.97012,F,-3.0025500000000003
1342,2.01236,F,-2.61571
1343,2.01236,F,-2.61585
1344,1.79844,O,-5.65006
1345,1.79845,O,-5.617319999999999
1346,1.87826,O,-4.60868
1347,1.87915,O,-4.589180000000001
1348,1.87827,O,-4.59297
1349,1.87914,O,-4.604229999999999
1350,1.89788,O,-4.36193
1351,1.88249,O,-4.517250000000001
1352,1.88206,O,-4.53613
1353,1.89789,O,-4.360049999999999
1354,1.88249,O,-4.53291
1355,1.88206,O,-4.52392
1356,1.80499,O,-5.79014
1357,1.8101,O,-5.41979
1358,1.80499,O,-5.78857
1359,1.81009,O,-5.43213
1360,1.89888,F,-3.685
1361,1.89887,F,-3.66957
1362,1.917,F,-3.44144
1363,1.91903,F,-3.40456
1364,1.95896,F,-2.9011
1365,1.89887,F,-3.6787099999999997
1366,1.89887,F,-3.6850199999999997
1367,1.917,F,-3.45119
1368,1.91904,F,-3.40382
1369,1.95895,F,-2.91819
1370,1.94823,F,-3.2143800000000002
1371,1.94823,F,-3.19625
1372,1.97938,F,-2.85741
1373,1.983,F,-2.84816
1374,1.94823,F,-3.20818
1375,1.94823,F,-3.2026399999999997
1376,1.97937,F,-2.85784
1377,1.983,F,-2.8467900000000004
1378,2.05835,F,-2.33945
1379,2.05835,F,-2.35854
1380,2.04057,F,-2.4988900000000003
1381,2.05835,F,-2.35167
1382,2.05835,F,-2.34836
1383,2.04056,F,-2.49991
1384,2.01073,F,-2.67341
1385,2.01071,F,-2.69482
1386,2.05384,F,-2.3429900000000004
1387,1.97311,F,-2.80185
1388,2.01072,F,-2.6835
1389,2.01072,F,-2.68392
1390,2.05384,F,-2.34267
1391,1.97312,F,-2.7977600000000002
1392,1.79244,O,-5.87896
1393,1.92512,O,-3.98608
1394,1.75915,O,-6.61396
1395,1.84781,O,-4.92182
1396,1.83269,O,-5.29852
1397,1.8173,O,-5.63892
1398,1.84615,O,-5.0912
1399,1.92565,O,-4.10552
1400,1.93115,O,-4.11958
1401,1.88842,O,-4.42544
1402,1.84477,O,-4.95122
1403,1.7831,O,-6.10816
1404,1.873,O,-4.75338
1405,1.89253,O,-4.52238
1406,1.88545,O,-4.5649
1407,1.79819,O,-5.775
1408,1.92787,F,-3.3473
1409,1.92664,F,-3.34577
1410,2.00534,F,-2.60814
1411,1.98995,F,-2.8755100000000002
1412,1.92837,F,-3.3268
1413,1.93244,F,-3.33008
1414,1.90083,F,-3.48873
1415,1.90896,F,-3.43695
1416,2.05942,F,-2.27372
1417,1.93753,F,-3.2695
1418,1.94454,F,-3.17588
1419,1.98768,F,-2.79983
1420,2.03936,F,-2.46932
1421,2.07705,F,-2.26196
1422,1.93682,F,-3.14415
1423,1.94677,F,-3.06308
1424,2.02147,F,-2.58554
1425,1.99327,F,-2.77799
1426,1.99189,F,-2.78089
1427,2.02654,F,-2.57368
1428,1.99038,F,-2.81455
1429,2.00108,F,-2.7242
1430,1.9864,F,-2.80068
1431,2.03125,F,-2.4725
1432,1.97799,F,-2.87353
1433,1.98281,F,-2.88765
1434,1.95115,F,-3.0586
1435,1.94841,F,-3.08733
1436,2.05746,F,-2.4449
1437,2.01007,F,-2.57258
1438,1.9261,F,-3.29816
1439,1.92397,F,-3.29866
1440,1.82123,O,-5.36816
1441,1.84232,O,-5.16319
1442,1.82124,O,-5.37157
1443,1.84232,O,-5.16817
1444,1.84232,O,-5.16782
1445,1.82124,O,-5.38443
1446,1.84232,O,-5.16948
1447,1.82122,O,-5.37734
1448,1.82124,O,-5.37556
1449,1.84232,O,-5.16878
1450,1.82123,O,-5.36722
1451,1.84232,O,-5.16946
1452,1.84232,O,-5.15571
1453,1.82123,O,-5.375579999999999
1454,1.84232,O,-5.1701999999999995
1455,1.82124,O,-5.38397
1456,1.94468,F,-3.15889
1457,1.95027,F,-3.11287
1458,2.01701,F,-2.60301
1459,2.03902,F,-2.49254
1460,1.94468,F,-3.15264
1461,1.95027,F,-3.11437
1462,2.017,F,-2.59804
1463,2.03902,F,-2.4874
1464,2.03902,F,-2.4862
1465,2.017,F,-2.59169
1466,1.94468,F,-3.1515
1467,1.95027,F,-3.11376
1468,2.03902,F,-2.48447
1469,2.01701,F,-2.5937
1470,1.94468,F,-3.15258
1471,1.95027,F,-3.11128
1472,1.94468,F,-3.14974
1473,1.95027,F,-3.1165599999999998
1474,2.017,F,-2.59539
1475,2.03902,F,-2.48658
1476,1.94468,F,-3.15509
1477,1.95027,F,-3.1143099999999997
1478,2.01701,F,-2.60156
1479,2.03902,F,-2.48878
1480,2.03901,F,-2.49331
1481,2.01701,F,-2.59909
1482,1.94468,F,-3.1562900000000003
1483,1.95027,F,-3.11396
1484,2.03902,F,-2.48449
1485,2.017,F,-2.59112
1486,1.94468,F,-3.15008
1487,1.95027,F,-3.1144
1488,1.71326,O,-7.632770000000001
1489,1.80601,O,-5.68168
1490,1.83721,O,-5.12956
1491,2.04608,O,-2.86398
1492,1.75289,O,-6.74207
1493,1.78383,O,-6.10871
1494,1.83409,O,-5.20304
1495,1.88111,O,-4.53962
1496,1.89694,O,-4.48701
1497,1.9034,O,-4.41697
1498,1.94779,O,-3.73786
1499,1.72957,O,-7.24432
1500,1.91544,O,-4.1146
1501,1.9441,O,-3.95014
1502,1.95195,O,-3.90686
1503,2.01386,O,-3.13234
1504,1.97306,F,-2.86574
1505,1.98315,F,-2.81938
1506,1.92731,F,-3.27738
1507,1.93173,F,-3.22384
1508,2.02375,F,-2.4731
1509,2.02349,F,-2.51366
1510,2.02661,F,-2.51542
1511,2.04102,F,-2.54056
1512,2.05777,F,-2.2764
1513,1.93581,F,-3.18223
1514,1.93845,F,-3.17624
1515,1.91248,F,-3.4762500000000003
1516,1.91222,F,-3.5056
1517,2.02406,F,-2.49024
1518,2.02273,F,-2.54176
1519,2.01814,F,-2.59946
1520,2.02082,F,-2.55978
1521,1.89702,F,-3.6176
1522,1.90472,F,-3.5446
1523,1.87021,F,-3.87832
1524,1.86983,F,-3.86622
1525,1.85144,F,-4.14398
1526,1.85093,F,-4.15276
1527,2.03599,F,-2.4879
1528,2.05832,F,-2.27828
1529,2.05683,F,-2.2857
1530,1.99501,F,-2.84258
1531,1.98461,F,-2.73904
1532,1.98417,F,-2.74919
1533,2.02389,F,-2.48536
1534,2.02354,F,-2.5679
1535,2.05096,F,-2.45918
1536,1.74014,O,-6.90856
1537,1.77903,O,-6.27511
1538,1.92432,O,-3.9252700000000003
1539,1.72658,O,-7.20286
1540,1.80341,O,-5.85703
1541,1.92277,O,-4.0399
1542,1.95229,O,-3.61602
1543,1.95563,O,-3.57234
1544,1.76751,O,-6.501530000000001
1545,1.87544,O,-4.648
1546,1.8159,O,-5.635529999999999
1547,2.09362,O,-2.557
1548,1.72606,O,-7.1916
1549,1.90444,O,-4.307790000000001
1550,1.81817,O,-5.55161
1551,1.94613,O,-3.6733
1552,1.92431,F,-3.36431
1553,1.92358,F,-3.3932700000000002
1554,1.94993,F,-3.1169
1555,1.95728,F,-3.06595
1556,2.00367,F,-2.56746
1557,1.93421,F,-3.27264
1558,1.93924,F,-3.25242
1559,2.07205,F,-2.22874
1560,1.97578,F,-2.906
1561,1.95088,F,-3.1361
1562,1.95786,F,-3.09706
1563,1.95067,F,-3.11262
1564,1.95502,F,-3.08836
1565,1.9872,F,-2.66745
1566,2.08497,F,-2.20156
1567,2.01073,F,-2.73602
1568,1.97925,F,-2.87402
1569,1.99897,F,-2.74549
1570,1.99853,F,-2.71056
1571,1.972,F,-2.8865
1572,1.97798,F,-2.87622
1573,1.99114,F,-2.80498
1574,1.99617,F,-2.74524
1575,2.03343,F,-2.53438
1576,1.97254,F,-2.95504
1577,1.97818,F,-2.91541
1578,1.92166,F,-3.37816
1579,1.92689,F,-3.29644
1580,1.99131,F,-2.63696
1581,2.04194,F,-2.54166
1582,2.05366,F,-2.36707
1583,1.98125,F,-2.85492
1584,1.79824,O,-5.647539999999999
1585,1.79825,O,-5.63126
1586,1.87369,O,-4.64189
1587,1.88354,O,-4.55549
1588,1.87369,O,-4.64742
1589,1.88354,O,-4.55007
1590,1.8979,O,-4.36134
1591,1.877,O,-4.57361
1592,1.88745,O,-4.48428
1593,1.8979,O,-4.3622499999999995
1594,1.87699,O,-4.57597
1595,1.88747,O,-4.47865
1596,1.80517,O,-5.7880199999999995
1597,1.80987,O,-5.41813
1598,1.80517,O,-5.78542
1599,1.80987,O,-5.42942
1600,1.89893,F,-3.6823
1601,1.89894,F,-3.67426
1602,1.91711,F,-3.4462200000000003
1603,1.91897,F,-3.40218
1604,1.95899,F,-2.9043
1605,1.89894,F,-3.67687
1606,1.89893,F,-3.68551
1607,1.9171,F,-3.45007
1608,1.91897,F,-3.40367
1609,1.95898,F,-2.91344
1610,1.94825,F,-3.2073
1611,1.94824,F,-3.2017100000000003
1612,1.9794,F,-2.85372
1613,1.98294,F,-2.85023
1614,1.94825,F,-3.20617
1615,1.94825,F,-3.20326
1616,1.9794,F,-2.85647
1617,1.98294,F,-2.8480499999999997
1618,2.05825,F,-2.34818
1619,2.05825,F,-2.35203
1620,2.04075,F,-2.4979899999999997
1621,2.05824,F,-2.35787
1622,2.05827,F,-2.3416699999999997
1623,2.04075,F,-2.49653
1624,2.01061,F,-2.67632
1625,2.0106,F,-2.6945699999999997
1626,2.0535,F,-2.34607
1627,1.97321,F,-2.80455
1628,2.0106,F,-2.68195
1629,2.0106,F,-2.68644
1630,2.0535,F,-2.34451
1631,1.9732,F,-2.7989100000000002
1632,1.83002,O,-5.2705
1633,1.82171,O,-5.374829999999999
1634,1.83002,O,-5.27219
1635,1.82172,O,-5.35342
1636,1.83002,O,-5.27233
1637,1.82171,O,-5.36539
1638,1.83002,O,-5.270569999999999
1639,1.82173,O,-5.3627
1640,1.83002,O,-5.27107
1641,1.82171,O,-5.362410000000001
1642,1.83002,O,-5.2700499999999995
1643,1.82173,O,-5.36487
1644,1.83002,O,-5.270619999999999
1645,1.82171,O,-5.37078
1646,1.83002,O,-5.27227
1647,1.82172,O,-5.35743
1648,1.97283,F,-2.98029
1649,1.97283,F,-2.98245
1650,2.00275,F,-2.6613100000000003
1651,2.01856,F,-2.5807
1652,1.97283,F,-2.98147
1653,1.97283,F,-2.98516
1654,2.00275,F,-2.66485
1655,2.01855,F,-2.5915
1656,1.97283,F,-2.982
1657,1.97283,F,-2.98266
1658,2.00275,F,-2.66284
1659,2.01856,F,-2.58502
1660,1.97283,F,-2.98177
1661,1.97283,F,-2.98355
1662,2.00275,F,-2.6637399999999998
1663,2.01856,F,-2.58735
1664,1.97283,F,-2.98262
1665,1.97283,F,-2.98149
1666,2.00275,F,-2.66282
1667,2.01855,F,-2.5862100000000003
1668,1.97283,F,-2.9821299999999997
1669,1.97283,F,-2.9815899999999997
1670,2.00275,F,-2.6627099999999997
1671,2.01855,F,-2.58545
1672,1.97283,F,-2.98376
1673,1.97283,F,-2.9804700000000004
1674,2.00275,F,-2.66275
1675,2.01855,F,-2.5834200000000003
1676,1.97283,F,-2.98529
1677,1.97283,F,-2.98025
1678,2.00275,F,-2.6639
1679,2.01856,F,-2.58885
1680,1.82669,O,-5.3125
1681,1.82672,O,-5.31196
1682,1.82671,O,-5.31714
1683,1.82676,O,-5.31021
1684,1.82679,O,-5.30447
1685,1.82674,O,-5.31389
1686,1.82677,O,-5.30917
1687,1.82673,O,-5.30701
1688,1.82664,O,-5.33037
1689,1.82676,O,-5.31039
1690,1.82667,O,-5.3148599999999995
1691,1.82676,O,-5.30014
1692,1.82683,O,-5.2920300000000005
1693,1.82673,O,-5.3149
1694,1.82681,O,-5.30408
1695,1.82672,O,-5.31558
1696,1.97276,F,-2.98216
1697,1.97276,F,-2.98272
1698,2.00914,F,-2.6291
1699,2.00915,F,-2.62922
1700,1.97276,F,-2.9826699999999997
1701,1.97276,F,-2.98212
1702,2.00914,F,-2.62872
1703,2.00914,F,-2.6299799999999998
1704,1.97276,F,-2.9816000000000003
1705,1.97275,F,-2.98361
1706,2.00914,F,-2.63241
1707,2.00915,F,-2.62983
1708,1.97275,F,-2.9799300000000004
1709,1.97275,F,-2.98839
1710,2.00914,F,-2.63359
1711,2.00914,F,-2.63437
1712,1.97275,F,-2.98993
1713,1.97277,F,-2.97117
1714,2.00914,F,-2.62
1715,2.00913,F,-2.62484
1716,1.97277,F,-2.9758899999999997
1717,1.97275,F,-2.98874
1718,2.00913,F,-2.6308100000000003
1719,2.00913,F,-2.6340199999999996
1720,1.97276,F,-2.97819
1721,1.97277,F,-2.98791
1722,2.00914,F,-2.63721
1723,2.00915,F,-2.6312100000000003
1724,1.97276,F,-2.9918899999999997
1725,1.97278,F,-2.97459
1726,2.00914,F,-2.63339
1727,2.00915,F,-2.63077
1728,1.82182,O,-5.35778
1729,1.82181,O,-5.358700000000001
1730,1.82185,O,-5.35881
1731,1.82185,O,-5.35857
1732,1.82186,O,-5.358739999999999
1733,1.82185,O,-5.35876
1734,1.82183,O,-5.35909
1735,1.82181,O,-5.35831
1736,1.82182,O,-5.3583300000000005
1737,1.82179,O,-5.35921
1738,1.82184,O,-5.358639999999999
1739,1.82187,O,-5.3588000000000005
1740,1.82187,O,-5.35854
1741,1.82182,O,-5.3590599999999995
1742,1.82184,O,-5.358219999999999
1743,1.82184,O,-5.35807
1744,1.97271,F,-2.97423
1745,1.97272,F,-2.99073
1746,2.01807,F,-2.58854
1747,2.01808,F,-2.58822
1748,1.97271,F,-2.98211
1749,1.97271,F,-2.98132
1750,2.01807,F,-2.58748
1751,2.01808,F,-2.5875500000000002
1752,1.97271,F,-2.97598
1753,1.97272,F,-2.9872
1754,2.01807,F,-2.58713
1755,2.01808,F,-2.58708
1756,1.97271,F,-2.9829
1757,1.9727,F,-2.9825600000000003
1758,2.01807,F,-2.5883599999999998
1759,2.01807,F,-2.58867
1760,1.97271,F,-2.99148
1761,1.9727,F,-2.97372
1762,2.01807,F,-2.5883599999999998
1763,2.01808,F,-2.58811
1764,1.97271,F,-2.98208
1765,1.97271,F,-2.98163
1766,2.01808,F,-2.58771
1767,2.01808,F,-2.58758
1768,1.97271,F,-2.98756
1769,1.9727,F,-2.97548
1770,2.01807,F,-2.58693
1771,2.01808,F,-2.58695
1772,1.97271,F,-2.98126
1773,1.97272,F,-2.98398
1774,2.01807,F,-2.58861
1775,2.01808,F,-2.58855
1776,1.82995,O,-5.26247
1777,1.82998,O,-5.28248
1778,1.82997,O,-5.27178
1779,1.82998,O,-5.26192
1780,1.82995,O,-5.280749999999999
1781,1.82999,O,-5.26812
1782,1.82994,O,-5.273960000000001
1783,1.82997,O,-5.27207
1784,1.82994,O,-5.25819
1785,1.82996,O,-5.28705
1786,1.82995,O,-5.26721
1787,1.82998,O,-5.26134
1788,1.82997,O,-5.28201
1789,1.82998,O,-5.276120000000001
1790,1.82994,O,-5.283189999999999
1791,1.82996,O,-5.269
1792,1.97309,F,-2.98419
1793,1.9731,F,-2.97972
1794,2.00344,F,-2.6649599999999998
1795,2.00345,F,-2.6586299999999996
1796,1.97311,F,-2.9900700000000002
1797,1.9731,F,-2.97825
1798,2.00345,F,-2.66648
1799,2.00345,F,-2.67012
1800,1.9731,F,-2.98265
1801,1.9731,F,-2.9803699999999997
1802,2.00346,F,-2.66029
1803,2.00344,F,-2.66462
1804,1.97309,F,-2.98151
1805,1.9731,F,-2.9828
1806,2.00345,F,-2.66188
1807,2.00345,F,-2.66302
1808,1.97311,F,-2.98078
1809,1.9731,F,-2.98237
1810,2.00346,F,-2.66545
1811,2.00345,F,-2.65733
1812,1.97309,F,-2.97584
1813,1.9731,F,-2.99076
1814,2.00345,F,-2.66639
1815,2.00346,F,-2.66885
1816,1.9731,F,-2.98142
1817,1.9731,F,-2.9779999999999998
1818,2.00344,F,-2.65675
1819,2.00345,F,-2.65895
1820,1.97311,F,-2.97804
1821,1.9731,F,-2.98289
1822,2.00346,F,-2.65684
1823,2.00346,F,-2.66118
1824,1.71204,O,-7.6162
1825,2.02381,O,-3.00585
1826,1.88592,O,-4.57355
1827,1.89043,O,-4.49016
1828,1.81652,O,-5.60246
1829,1.93137,O,-4.02284
1830,1.92633,O,-4.116099999999999
1831,1.71273,O,-7.55921
1832,1.70443,O,-7.76288
1833,2.01097,O,-3.10427
1834,1.8864,O,-4.52575
1835,1.88134,O,-4.62504
1836,1.89709,O,-4.382910000000001
1837,2.03455,O,-2.9028099999999997
1838,1.92697,O,-4.09601
1839,1.93277,O,-3.99965
1840,1.95834,F,-3.08041
1841,1.95793,F,-3.1163600000000002
1842,2.01179,F,-2.54439
1843,1.95099,F,-2.99283
1844,1.951,F,-2.97376
1845,1.90625,F,-3.58982
1846,1.90915,F,-3.57446
1847,1.84364,F,-4.22835
1848,1.85106,F,-4.15532
1849,1.87171,F,-3.8050100000000002
1850,1.87172,F,-3.81512
1851,1.9517,F,-3.0883
1852,1.96058,F,-3.03548
1853,2.04491,F,-2.50109
1854,2.07593,F,-2.24446
1855,2.04649,F,-2.3232600000000003
1856,2.0626,F,-2.2511
1857,1.98462,F,-2.88625
1858,1.98458,F,-2.86071
1859,2.02339,F,-2.47497
1860,1.91997,F,-3.26926
1861,1.92,F,-3.27929
1862,2.02432,F,-2.5784599999999998
1863,2.02984,F,-2.51522
1864,2.00298,F,-2.60325
1865,1.90953,F,-3.39166
1866,1.9095,F,-3.37932
1867,1.96651,F,-2.97241
1868,1.97402,F,-2.91574
1869,2.04546,F,-2.50191
1870,2.06347,F,-2.37506
1871,2.05405,F,-2.43776
1872,1.74395,O,-6.84877
1873,1.86525,O,-4.79
1874,1.86862,O,-4.75422
1875,1.92549,O,-3.93774
1876,1.81645,O,-5.58723
1877,1.83396,O,-5.2358
1878,1.81678,O,-5.601
1879,1.83406,O,-5.22868
1880,1.81798,O,-5.57884
1881,1.82362,O,-5.33854
1882,1.81757,O,-5.56963
1883,1.82363,O,-5.34436
1884,1.86781,O,-4.76796
1885,1.86612,O,-4.7813
1886,1.92535,O,-3.93758
1887,1.74406,O,-6.8461300000000005
1888,1.92415,F,-3.33326
1889,1.9337,F,-3.26006
1890,1.9323,F,-3.28658
1891,1.93476,F,-3.2476
1892,2.02116,F,-2.47694
1893,2.03797,F,-2.53054
1894,2.03758,F,-2.53658
1895,1.98739,F,-2.86044
1896,2.04878,F,-2.4067
1897,1.97072,F,-2.92418
1898,1.97021,F,-2.95212
1899,2.0095,F,-2.62536
1900,1.96399,F,-2.99376
1901,1.97753,F,-2.88144
1902,2.04822,F,-2.40488
1903,2.00933,F,-2.63242
1904,1.95757,F,-3.0197
1905,1.97057,F,-2.9384
1906,2.04609,F,-2.4153
1907,2.01966,F,-2.58104
1908,2.04655,F,-2.4167899999999998
1909,1.96388,F,-2.99112
1910,1.96346,F,-2.9694
1911,2.01964,F,-2.5755
1912,2.03863,F,-2.53108
1913,2.03682,F,-2.53466
1914,1.98752,F,-2.85954
1915,1.9286,F,-3.2914
1916,1.93867,F,-3.24074
1917,1.92943,F,-3.28326
1918,1.92803,F,-3.31276
1919,2.02099,F,-2.47804
1920,1.83155,O,-5.26744
1921,1.83628,O,-5.2365
1922,1.82661,O,-5.28892
1923,1.83801,O,-5.20824
1924,1.84296,O,-5.15628
1925,1.83035,O,-5.27742
1926,1.84201,O,-5.16722
1927,1.82395,O,-5.36826
1928,1.82532,O,-5.35032
1929,1.83537,O,-5.24854
1930,1.82098,O,-5.379049999999999
1931,1.83704,O,-5.21166
1932,1.84413,O,-5.15686
1933,1.82549,O,-5.31048
1934,1.84307,O,-5.16218
1935,1.81976,O,-5.39964
1936,1.94634,F,-3.14678
1937,1.95223,F,-3.09405
1938,2.00302,F,-2.66302
1939,2.04814,F,-2.43944
1940,1.9412,F,-3.18116
1941,1.94672,F,-3.13188
1942,2.00656,F,-2.66486
1943,2.04601,F,-2.45844
1944,2.04261,F,-2.47742
1945,2.00442,F,-2.6611
1946,1.94879,F,-3.13172
1947,1.95586,F,-3.08092
1948,2.03987,F,-2.48268
1949,2.01195,F,-2.60638
1950,1.94865,F,-3.12268
1951,1.95587,F,-3.08238
1952,1.94632,F,-3.13503
1953,1.95208,F,-3.10436
1954,2.01039,F,-2.61439
1955,2.04567,F,-2.44504
1956,1.94126,F,-3.17606
1957,1.94687,F,-3.13628
1958,2.01306,F,-2.61768
1959,2.04314,F,-2.47326
1960,2.04167,F,-2.47691
1961,2.00792,F,-2.65169
1962,1.95103,F,-3.10786
1963,1.94407,F,-3.15888
1964,2.03899,F,-2.48522
1965,2.01501,F,-2.59732
1966,1.95115,F,-3.11098
1967,1.9441,F,-3.15066
1968,1.81503,O,-5.58576
1969,1.88369,O,-4.41666
1970,1.76591,O,-6.39314
1971,1.85292,O,-4.94212
1972,1.80615,O,-5.641830000000001
1973,1.80341,O,-5.87314
1974,1.84386,O,-5.01806
1975,1.95633,O,-3.62346
1976,1.89656,O,-4.4718
1977,1.90199,O,-4.40084
1978,1.90826,O,-4.197570000000001
1979,1.91015,O,-4.29345
1980,1.91556,O,-4.26878
1981,1.73656,O,-7.03888
1982,1.90453,O,-4.31558
1983,1.77718,O,-6.24752
1984,1.92795,F,-3.3393
1985,1.92666,F,-3.35679
1986,2.05133,F,-2.38224
1987,1.97224,F,-2.92782
1988,1.91179,F,-3.4815899999999997
1989,1.91583,F,-3.47208
1990,1.92389,F,-3.32636
1991,1.92933,F,-3.30058
1992,2.01055,F,-2.53286
1993,1.96328,F,-3.0415
1994,1.97371,F,-2.9431
1995,2.01878,F,-2.63808
1996,2.00201,F,-2.64706
1997,2.08877,F,-2.18222
1998,1.96177,F,-2.99069
1999,1.96276,F,-2.9758
2000,1.99076,F,-2.74752
2001,1.99417,F,-2.78246
2002,1.99298,F,-2.76134
2003,2.00339,F,-2.749
2004,2.00561,F,-2.68476
2005,2.01413,F,-2.61516
2006,2.01374,F,-2.6546
2007,1.95661,F,-3.0688
2008,1.96036,F,-3.08312
2009,2.02828,F,-2.43227
2010,1.9085,F,-3.41882
2011,1.91189,F,-3.3814
2012,2.04564,F,-2.53192
2013,2.02898,F,-2.46507
2014,1.93558,F,-3.15034
2015,1.94059,F,-3.11883
2016,1.72455,O,-7.300929999999999
2017,1.79951,O,-5.85107
2018,1.8973,O,-4.277010000000001
2019,1.97594,O,-3.41904
2020,1.9403,O,-3.84748
2021,1.76354,O,-6.51568
2022,1.77107,O,-6.316
2023,1.92329,O,-4.003690000000001
2024,1.71891,O,-7.421010000000001
2025,1.89216,O,-4.421749999999999
2026,1.96889,O,-3.73421
2027,1.96838,O,-3.75782
2028,1.99067,O,-3.2789099999999998
2029,1.76266,O,-6.60008
2030,1.86828,O,-4.84307
2031,1.88009,O,-4.71602
2032,1.94666,F,-3.14548
2033,1.9571,F,-3.05913
2034,1.9218,F,-3.32066
2035,1.92522,F,-3.27852
2036,2.04344,F,-2.3583499999999997
2037,2.05181,F,-2.37603
2038,1.99706,F,-2.76906
2039,2.01578,F,-2.7078
2040,1.99639,F,-2.87494
2041,1.93245,F,-3.20432
2042,1.93773,F,-3.18072
2043,2.0557,F,-2.32104
2044,1.92949,F,-3.28786
2045,1.94076,F,-3.1807
2046,2.02995,F,-2.44098
2047,2.01794,F,-2.6828
2048,1.94902,F,-3.10431
2049,1.95989,F,-3.05872
2050,1.94237,F,-3.13738
2051,1.94254,F,-3.11942
2052,2.01764,F,-2.50489
2053,2.03919,F,-2.51663
2054,2.02447,F,-2.62914
2055,2.09534,F,-2.09409
2056,1.92244,F,-3.3134
2057,1.92169,F,-3.32628
2058,1.90387,F,-3.52874
2059,1.89515,F,-3.60166
2060,1.96013,F,-2.98732
2061,1.97237,F,-2.94208
2062,1.99464,F,-2.73694
2063,1.98269,F,-2.7935
2064,1.78829,O,-6.0265
2065,1.90155,O,-4.21332
2066,1.76069,O,-6.52932
2067,1.87733,O,-4.57204
2068,1.79953,O,-5.7782
2069,1.78671,O,-6.15446
2070,1.85939,O,-4.82144
2071,1.81209,O,-5.55151
2072,1.82269,O,-5.37888
2073,1.79299,O,-5.921
2074,1.83292,O,-5.19176
2075,1.84721,O,-5.00952
2076,1.7981,O,-5.80467
2077,1.92311,O,-4.08168
2078,1.87382,O,-4.61599
2079,1.85793,O,-4.81242
2080,1.94517,F,-3.1768
2081,1.94424,F,-3.20795
2082,2.04316,F,-2.40436
2083,1.98081,F,-2.90172
2084,1.92746,F,-3.3381
2085,1.93165,F,-3.3319
2086,1.90989,F,-3.44792
2087,1.92006,F,-3.38361
2088,2.03201,F,-2.41745
2089,1.946,F,-3.16668
2090,1.95305,F,-3.12964
2091,2.01146,F,-2.6996
2092,2.0227,F,-2.52798
2093,2.08078,F,-2.20952
2094,1.96131,F,-2.97512
2095,1.97219,F,-2.89602
2096,2.0007,F,-2.70754
2097,1.9774,F,-2.92776
2098,1.97702,F,-2.89748
2099,2.03986,F,-2.46244
2100,2.01232,F,-2.60258
2101,1.99105,F,-2.8058899999999998
2102,1.99862,F,-2.73865
2103,2.03213,F,-2.4828
2104,2.00972,F,-2.63531
2105,1.96919,F,-2.97734
2106,1.9743,F,-2.92944
2107,2.03107,F,-2.53662
2108,2.01106,F,-2.58264
2109,2.03993,F,-2.56838
2110,2.02716,F,-2.58115
2111,2.00521,F,-2.67692
2112,1.73202,O,-7.22878
2113,1.71097,O,-7.66563
2114,1.8773,O,-4.65443
2115,1.87469,O,-4.72537
2116,1.92968,O,-4.0869599999999995
2117,1.92907,O,-4.07442
2118,1.95249,O,-3.8288
2119,1.95481,O,-3.7687299999999997
2120,2.01866,O,-3.11052
2121,1.88587,O,-4.5601199999999995
2122,1.88885,O,-4.50113
2123,2.06249,O,-2.74458
2124,1.97865,O,-3.5607800000000003
2125,1.97814,O,-3.60324
2126,1.9434,O,-3.84529
2127,1.94135,O,-3.88679
2128,1.91418,F,-3.49681
2129,1.91748,F,-3.50516
2130,1.98137,F,-2.82948
2131,1.98137,F,-2.80981
2132,1.96958,F,-2.79719
2133,1.96957,F,-2.80201
2134,1.85397,F,-4.12021
2135,1.85682,F,-4.1011500000000005
2136,1.90768,F,-3.5432300000000003
2137,1.90767,F,-3.55511
2138,1.8601,F,-3.94699
2139,1.86011,F,-3.94822
2140,2.05474,F,-2.29745
2141,1.9365,F,-3.23304
2142,1.9365,F,-3.24741
2143,1.93526,F,-3.17403
2144,1.93525,F,-3.16936
2145,2.00655,F,-2.58024
2146,2.00737,F,-2.6722
2147,2.00741,F,-2.64059
2148,1.92748,F,-3.2523299999999997
2149,1.92747,F,-3.2500799999999996
2150,2.0009,F,-2.7165299999999997
2151,2.00764,F,-2.6425
2152,1.94167,F,-3.1784299999999996
2153,1.94173,F,-3.18412
2154,2.06267,F,-2.27236
2155,2.06674,F,-2.2238100000000003
2156,2.03477,F,-2.59197
2157,1.96628,F,-2.9641200000000003
2158,1.96637,F,-2.9548
2159,2.06019,F,-2.3994299999999997
2160,1.82998,O,-5.279909999999999
2161,1.83624,O,-5.22331
2162,1.82998,O,-5.27558
2163,1.83627,O,-5.241820000000001
2164,1.84245,O,-5.161289999999999
2165,1.82901,O,-5.2921
2166,1.84245,O,-5.17175
2167,1.82901,O,-5.29117
2168,1.82998,O,-5.27088
2169,1.83625,O,-5.2566299999999995
2170,1.82998,O,-5.2836
2171,1.83625,O,-5.20739
2172,1.84247,O,-5.172829999999999
2173,1.82901,O,-5.292669999999999
2174,1.84247,O,-5.15729
2175,1.82902,O,-5.28308
2176,1.94483,F,-3.15791
2177,1.95071,F,-3.10816
2178,2.0013,F,-2.67751
2179,2.04502,F,-2.4650100000000004
2180,1.94483,F,-3.1509400000000003
2181,1.95071,F,-3.1132
2182,2.0013,F,-2.67741
2183,2.04501,F,-2.4550400000000003
2184,2.04018,F,-2.48697
2185,2.00244,F,-2.66957
2186,1.94718,F,-3.15236
2187,1.9545,F,-3.07744
2188,2.04018,F,-2.48201
2189,2.00245,F,-2.66775
2190,1.94718,F,-3.12219
2191,1.95451,F,-3.1057
2192,1.94481,F,-3.15413
2193,1.95072,F,-3.10703
2194,2.00131,F,-2.6755899999999997
2195,2.04501,F,-2.4466900000000003
2196,1.94482,F,-3.15491
2197,1.95072,F,-3.1132
2198,2.00131,F,-2.67867
2199,2.04503,F,-2.47225
2200,2.04018,F,-2.47783
2201,2.00244,F,-2.66266
2202,1.95451,F,-3.10208
2203,1.94717,F,-3.12097
2204,2.04017,F,-2.48759
2205,2.00244,F,-2.67239
2206,1.95451,F,-3.0793999999999997
2207,1.94719,F,-3.15185
2208,1.82675,O,-5.309480000000001
2209,1.82173,O,-5.35533
2210,1.82674,O,-5.30865
2211,1.82173,O,-5.36585
2212,1.82673,O,-5.30963
2213,1.82173,O,-5.36875
2214,1.82674,O,-5.3110800000000005
2215,1.82173,O,-5.3539200000000005
2216,1.82674,O,-5.30701
2217,1.82173,O,-5.37014
2218,1.82675,O,-5.31194
2219,1.82174,O,-5.35081
2220,1.82674,O,-5.3123000000000005
2221,1.82173,O,-5.351800000000001
2222,1.82673,O,-5.30802
2223,1.82173,O,-5.36985
2224,1.97262,F,-2.98534
2225,1.97262,F,-2.98177
2226,2.00878,F,-2.6310700000000002
2227,2.01824,F,-2.5920199999999998
2228,1.97262,F,-2.97811
2229,1.97262,F,-2.98657
2230,2.00878,F,-2.62915
2231,2.01824,F,-2.5859199999999998
2232,1.97262,F,-2.98201
2233,1.97262,F,-2.98368
2234,2.00878,F,-2.63002
2235,2.01824,F,-2.5858999999999996
2236,1.97262,F,-2.98085
2237,1.97262,F,-2.98739
2238,2.00878,F,-2.6317
2239,2.01824,F,-2.59344
2240,1.97262,F,-2.9804399999999998
2241,1.97262,F,-2.98438
2242,2.00878,F,-2.62981
2243,2.01824,F,-2.58451
2244,1.97262,F,-2.98789
2245,1.97262,F,-2.9796
2246,2.00878,F,-2.63042
2247,2.01823,F,-2.5938100000000004
2248,1.97262,F,-2.98648
2249,1.97262,F,-2.98189
2250,2.00878,F,-2.63151
2251,2.01824,F,-2.59436
2252,1.97262,F,-2.98313
2253,1.97262,F,-2.9815899999999997
2254,2.00878,F,-2.62955
2255,2.01824,F,-2.58455
2256,1.83003,O,-5.2701
2257,1.8252,O,-5.33887
2258,1.83003,O,-5.2750900000000005
2259,1.82518,O,-5.32001
2260,1.83004,O,-5.27238
2261,1.82519,O,-5.3225
2262,1.83004,O,-5.27004
2263,1.8252,O,-5.33403
2264,1.83003,O,-5.26829
2265,1.8252,O,-5.33755
2266,1.83003,O,-5.274649999999999
2267,1.82518,O,-5.31861
2268,1.83004,O,-5.27397
2269,1.82519,O,-5.32432
2270,1.83004,O,-5.270770000000001
2271,1.8252,O,-5.33333
2272,1.97284,F,-2.99231
2273,1.97284,F,-2.97113
2274,2.00301,F,-2.66153
2275,2.01154,F,-2.6145300000000002
2276,1.97285,F,-2.98395
2277,1.97283,F,-2.98461
2278,2.00301,F,-2.66228
2279,2.01154,F,-2.6250999999999998
2280,1.97285,F,-2.97937
2281,1.97283,F,-2.98625
2282,2.00302,F,-2.66115
2283,2.01154,F,-2.62193
2284,1.97284,F,-2.99335
2285,1.97284,F,-2.97098
2286,2.00302,F,-2.66168
2287,2.01152,F,-2.61738
2288,1.97284,F,-2.97253
2289,1.97284,F,-2.9914199999999997
2290,2.00301,F,-2.66226
2291,2.01154,F,-2.61554
2292,1.97284,F,-2.98255
2293,1.97284,F,-2.98481
2294,2.00301,F,-2.66168
2295,2.01154,F,-2.6245700000000003
2296,1.97284,F,-2.9827399999999997
2297,1.97284,F,-2.98399
2298,2.00302,F,-2.66153
2299,2.01154,F,-2.62237
2300,1.97284,F,-2.97514
2301,1.97284,F,-2.98979
2302,2.00302,F,-2.6622500000000002
2303,2.01152,F,-2.6174999999999997
2304,1.78913,O,-5.85214
2305,1.81808,O,-5.31865
2306,1.86971,O,-4.71981
2307,1.87685,O,-4.682309999999999
2308,1.89342,O,-4.4535
2309,1.90577,O,-4.31827
2310,1.83794,O,-5.02369
2311,1.82375,O,-5.3374299999999995
2312,1.97184,O,-3.7144500000000003
2313,1.96958,O,-3.79047
2314,1.91874,O,-4.08766
2315,1.96532,O,-3.59253
2316,1.71744,O,-7.233090000000001
2317,1.90736,O,-4.44245
2318,1.90928,O,-4.37233
2319,1.91054,O,-3.94378
2320,1.90985,F,-3.55401
2321,1.90986,F,-3.58177
2322,1.91256,F,-3.43407
2323,1.91257,F,-3.46997
2324,1.97091,F,-2.8159
2325,1.88749,F,-3.79505
2326,1.8875,F,-3.80531
2327,1.91215,F,-3.4522500000000003
2328,1.91214,F,-3.4681100000000002
2329,1.96762,F,-2.88622
2330,1.97297,F,-2.9975500000000004
2331,1.97297,F,-3.00427
2332,1.97106,F,-2.9332599999999998
2333,1.97105,F,-2.89684
2334,1.92712,F,-3.3971299999999998
2335,1.92712,F,-3.3847300000000002
2336,1.96997,F,-2.9321200000000003
2337,1.96997,F,-2.90851
2338,2.05201,F,-2.4137399999999998
2339,2.052,F,-2.3829700000000003
2340,1.96804,F,-2.9080500000000002
2341,1.96804,F,-2.9286399999999997
2342,2.07304,F,-2.25092
2343,2.07304,F,-2.24537
2344,1.9902,F,-2.85532
2345,1.99018,F,-2.84492
2346,1.92016,F,-3.35513
2347,1.92017,F,-3.33514
2348,1.95253,F,-2.85276
2349,2.03045,F,-2.5312799999999998
2350,2.03043,F,-2.5416
2351,1.96523,F,-2.88994
2352,1.74343,O,-6.77317
2353,1.77018,O,-6.357889999999999
2354,1.89102,O,-4.2491900000000005
2355,1.86026,O,-4.8617799999999995
2356,1.88097,O,-4.64422
2357,1.90496,O,-4.2130600000000005
2358,1.92176,O,-4.13063
2359,1.92355,O,-4.148630000000001
2360,1.82654,O,-5.38199
2361,1.8056,O,-5.5563
2362,1.82527,O,-5.376709999999999
2363,1.8203,O,-5.3427299999999995
2364,1.85244,O,-4.9979499999999994
2365,1.80716,O,-5.55966
2366,1.84772,O,-5.05489
2367,1.81923,O,-5.32121
2368,1.95382,F,-3.15369
2369,1.95384,F,-3.14026
2370,1.90617,F,-3.46755
2371,1.91014,F,-3.45316
2372,1.99887,F,-2.5846400000000003
2373,1.97277,F,-2.9907500000000002
2374,1.97279,F,-2.97235
2375,2.03328,F,-2.44391
2376,1.96729,F,-2.95377
2377,1.9838,F,-2.88484
2378,1.98377,F,-2.88987
2379,1.96365,F,-2.9504799999999998
2380,1.96613,F,-2.929
2381,1.99014,F,-2.8359199999999998
2382,1.99014,F,-2.8313800000000002
2383,2.01879,F,-2.6335699999999997
2384,1.9964,F,-2.7958600000000002
2385,1.9964,F,-2.80556
2386,2.02524,F,-2.5509700000000004
2387,1.99415,F,-2.7138400000000003
2388,1.97645,F,-2.94747
2389,1.97645,F,-2.96366
2390,2.02978,F,-2.52373
2391,1.99515,F,-2.7022399999999998
2392,1.96326,F,-3.05422
2393,1.96327,F,-3.05309
2394,2.03032,F,-2.51585
2395,1.9923,F,-2.7007700000000003
2396,1.95573,F,-3.1210899999999997
2397,1.95573,F,-3.12753
2398,2.0302,F,-2.52668
2399,1.99126,F,-2.7394
2400,1.86806,O,-4.75564
2401,1.87091,O,-4.69516
2402,1.89607,O,-4.39182
2403,1.89294,O,-4.45241
2404,1.73465,O,-6.91161
2405,1.75938,O,-6.6683
2406,1.8896,O,-4.21865
2407,1.73468,O,-6.911009999999999
2408,1.75936,O,-6.66804
2409,1.88961,O,-4.21858
2410,1.8405,O,-5.0751100000000005
2411,1.8405,O,-5.065189999999999
2412,1.96782,O,-3.58906
2413,1.96783,O,-3.59014
2414,1.92422,O,-4.03683
2415,1.92421,O,-4.0474
2416,1.97656,F,-2.91877
2417,1.97578,F,-2.94529
2418,1.97653,F,-2.91806
2419,1.97578,F,-2.94714
2420,1.95278,F,-3.11576
2421,1.95713,F,-3.11208
2422,1.95279,F,-3.1164
2423,1.95714,F,-3.11072
2424,1.92501,F,-3.3538699999999997
2425,1.9341,F,-3.29882
2426,1.95279,F,-3.14553
2427,1.95255,F,-3.10482
2428,1.97371,F,-2.72266
2429,2.08161,F,-2.1831
2430,1.97445,F,-2.9445
2431,1.97889,F,-2.89258
2432,1.95304,F,-3.0182
2433,1.95282,F,-3.14493
2434,1.9526,F,-3.10442
2435,1.92501,F,-3.3537
2436,1.9341,F,-3.29852
2437,1.97371,F,-2.7223699999999997
2438,1.97441,F,-2.94464
2439,1.97886,F,-2.89232
2440,2.08161,F,-2.1828
2441,1.953,F,-3.0179
2442,1.99712,F,-2.75176
2443,2.00375,F,-2.70843
2444,1.99711,F,-2.75268
2445,2.00374,F,-2.70729
2446,2.03668,F,-2.59204
2447,2.03669,F,-2.59175
2448,1.80051,O,-5.6299600000000005
2449,1.80049,O,-5.609450000000001
2450,1.80049,O,-5.59867
2451,1.80051,O,-5.64098
2452,1.85393,O,-4.95898
2453,1.88631,O,-4.4558800000000005
2454,1.89277,O,-4.3845600000000005
2455,1.85393,O,-4.9638
2456,1.88629,O,-4.436170000000001
2457,1.89279,O,-4.40031
2458,1.85391,O,-4.961040000000001
2459,1.89277,O,-4.38442
2460,1.88631,O,-4.45144
2461,1.85391,O,-4.95923
2462,1.89279,O,-4.3973700000000004
2463,1.88629,O,-4.43646
2464,1.89034,F,-3.7718
2465,1.89033,F,-3.79026
2466,1.95032,F,-3.1424200000000004
2467,1.95254,F,-3.11407
2468,1.96801,F,-2.85761
2469,1.89034,F,-3.77201
2470,1.89033,F,-3.79437
2471,1.95032,F,-3.13998
2472,1.95254,F,-3.11937
2473,1.96799,F,-2.8675800000000002
2474,1.89034,F,-3.76906
2475,1.89033,F,-3.80178
2476,1.95032,F,-3.14295
2477,1.95252,F,-3.11953
2478,1.96801,F,-2.87477
2479,1.89034,F,-3.7923999999999998
2480,1.89033,F,-3.76641
2481,1.95032,F,-3.13964
2482,1.95252,F,-3.11444
2483,1.96799,F,-2.85112
2484,2.08114,F,-2.22831
2485,2.08116,F,-2.1921
2486,2.04534,F,-2.41539
2487,2.08114,F,-2.2256299999999998
2488,2.08116,F,-2.19307
2489,2.04534,F,-2.4137000000000004
2490,2.08114,F,-2.2256
2491,2.08116,F,-2.19275
2492,2.04534,F,-2.4124
2493,2.08115,F,-2.18584
2494,2.08115,F,-2.2309200000000002
2495,2.04534,F,-2.41283
2496,1.87453,O,-4.632429999999999
2497,1.87964,O,-4.58634
2498,1.8745,O,-4.63522
2499,1.87968,O,-4.58284
2500,1.87966,O,-4.590730000000001
2501,1.87451,O,-4.63014
2502,1.87968,O,-4.57845
2503,1.8745,O,-4.636979999999999
2504,1.84692,O,-5.115539999999999
2505,1.80275,O,-5.55582
2506,1.8469,O,-5.12346
2507,1.80292,O,-5.55246
2508,1.84691,O,-5.11379
2509,1.80273,O,-5.55777
2510,1.84689,O,-5.125249999999999
2511,1.80294,O,-5.550520000000001
2512,1.97607,F,-2.96353
2513,1.97607,F,-2.95472
2514,1.9442,F,-3.15543
2515,1.94778,F,-3.11677
2516,1.97606,F,-2.96587
2517,1.97606,F,-2.95173
2518,1.94421,F,-3.15128
2519,1.94777,F,-3.12059
2520,1.97607,F,-2.9641599999999997
2521,1.97607,F,-2.95456
2522,1.9442,F,-3.15484
2523,1.94778,F,-3.11815
2524,1.97607,F,-2.96912
2525,1.97606,F,-2.94775
2526,1.9442,F,-3.15172
2527,1.94777,F,-3.11877
2528,1.97276,F,-2.9746300000000003
2529,1.97276,F,-2.99242
2530,2.04844,F,-2.4357699999999998
2531,1.9686,F,-2.84586
2532,1.97278,F,-2.9751000000000003
2533,1.97278,F,-2.99209
2534,2.04844,F,-2.4331199999999997
2535,1.96859,F,-2.84525
2536,1.97276,F,-2.98556
2537,1.97278,F,-2.9826
2538,2.04843,F,-2.43755
2539,1.96862,F,-2.84673
2540,1.97277,F,-2.9729
2541,1.97278,F,-2.99328
2542,2.04847,F,-2.4308500000000004
2543,1.96857,F,-2.84453
2544,1.78452,O,-5.94717
2545,1.82718,O,-5.18851
2546,1.87243,O,-4.67887
2547,1.88278,O,-4.58718
2548,1.89449,O,-4.42457
2549,1.89604,O,-4.42375
2550,1.71296,O,-7.35025
2551,1.88075,O,-4.73967
2552,1.88098,O,-4.6782699999999995
2553,1.9237,O,-3.80308
2554,1.85609,O,-4.77666
2555,1.82013,O,-5.40347
2556,2.00265,O,-3.4284
2557,2.00237,O,-3.4877
2558,1.90321,O,-4.28969
2559,1.96631,O,-3.56289
2560,1.93926,F,-3.31775
2561,1.93925,F,-3.3048200000000003
2562,1.8992,F,-3.61609
2563,1.89918,F,-3.57601
2564,1.96738,F,-2.84354
2565,1.89265,F,-3.7366599999999996
2566,1.89265,F,-3.7622
2567,1.90202,F,-3.5802500000000004
2568,1.902,F,-3.55388
2569,1.96667,F,-2.8946
2570,1.94227,F,-3.25213
2571,1.94228,F,-3.2325999999999997
2572,1.98957,F,-2.7375
2573,1.98955,F,-2.7926599999999997
2574,1.92135,F,-3.44725
2575,1.92138,F,-3.43035
2576,1.98427,F,-2.79053
2577,1.98425,F,-2.81731
2578,2.02944,F,-2.56874
2579,2.02945,F,-2.5763
2580,1.90855,F,-3.4781899999999997
2581,1.90853,F,-3.45784
2582,1.94293,F,-2.91904
2583,2.06975,F,-2.28808
2584,2.06975,F,-2.27407
2585,1.96616,F,-2.87386
2586,2.01431,F,-2.6377699999999997
2587,2.0143,F,-2.6607700000000003
2588,1.98493,F,-2.7753699999999997
2589,1.98494,F,-2.79296
2590,2.03538,F,-2.48676
2591,2.03538,F,-2.49367
2592,1.78439,O,-5.86008
2593,1.79657,O,-5.58498
2594,1.8632,O,-4.712070000000001
2595,1.863,O,-4.76632
2596,1.86531,O,-4.71772
2597,1.87533,O,-4.5744299999999996
2598,1.83402,O,-5.09765
2599,1.83904,O,-5.02805
2600,1.82947,O,-5.39889
2601,1.9008,O,-4.21275
2602,1.90543,O,-4.20834
2603,1.84229,O,-4.97844
2604,1.84185,O,-4.9777000000000005
2605,1.87824,O,-4.65521
2606,1.89487,O,-4.3107500000000005
2607,1.89543,O,-4.29795
2608,1.91242,F,-3.54235
2609,1.91242,F,-3.55145
2610,1.92446,F,-3.41179
2611,1.92413,F,-3.39464
2612,1.94317,F,-2.98299
2613,1.90152,F,-3.66324
2614,1.90152,F,-3.66861
2615,1.9236,F,-3.4123
2616,1.92581,F,-3.39392
2617,1.94269,F,-3.02123
2618,1.94476,F,-3.2236700000000003
2619,1.94475,F,-3.2284699999999997
2620,2.00718,F,-2.69151
2621,2.00722,F,-2.6906299999999996
2622,1.93511,F,-3.32281
2623,1.93511,F,-3.3127
2624,2.00431,F,-2.7133700000000003
2625,2.0079,F,-2.68338
2626,2.04839,F,-2.42714
2627,2.04839,F,-2.42028
2628,1.9507,F,-3.1143
2629,1.96175,F,-3.03024
2630,2.06312,F,-2.32462
2631,2.06312,F,-2.3205099999999996
2632,2.07632,F,-2.26179
2633,2.01216,F,-2.66778
2634,2.01216,F,-2.66797
2635,1.96585,F,-2.9669299999999996
2636,1.97701,F,-2.91589
2637,2.02457,F,-2.57789
2638,2.02457,F,-2.5796400000000004
2639,2.07128,F,-2.3306500000000003
2640,1.71911,O,-7.51914
2641,1.92959,O,-4.01323
2642,1.96692,O,-3.66125
2643,1.92495,O,-4.056710000000001
2644,1.92493,O,-4.0542300000000004
2645,1.84091,O,-5.1444600000000005
2646,1.92239,O,-4.134320000000001
2647,1.92242,O,-4.12162
2648,1.9202,O,-4.13637
2649,1.95582,O,-3.7703499999999996
2650,1.91192,O,-4.194
2651,1.91194,O,-4.20937
2652,2.06403,O,-2.7849899999999996
2653,1.86403,O,-4.74784
2654,1.9348,O,-3.9871
2655,1.93474,O,-3.98548
2656,1.89848,F,-3.64735
2657,1.89819,F,-3.6768599999999996
2658,2.00427,F,-2.58698
2659,2.0038,F,-2.61261
2660,1.92876,F,-3.1185799999999997
2661,1.92876,F,-3.12494
2662,1.90881,F,-3.56132
2663,1.91322,F,-3.55126
2664,1.96799,F,-2.91342
2665,1.97045,F,-2.9335
2666,1.91652,F,-3.32095
2667,1.91653,F,-3.31812
2668,1.85581,F,-4.10072
2669,1.86022,F,-4.07927
2670,1.88223,F,-3.80041
2671,1.88228,F,-3.78768
2672,1.88913,F,-3.65175
2673,1.88912,F,-3.6566599999999996
2674,2.04991,F,-2.33462
2675,1.9273,F,-3.32178
2676,1.93205,F,-3.24899
2677,1.96763,F,-2.89353
2678,1.96762,F,-2.8878500000000003
2679,2.04886,F,-2.4237599999999997
2680,2.04774,F,-2.3867700000000003
2681,2.03536,F,-2.5036899999999997
2682,2.0437,F,-2.43696
2683,2.03471,F,-2.47264
2684,2.08407,F,-2.1736899999999997
2685,2.09318,F,-2.10885
2686,2.06437,F,-2.4419199999999996
2687,2.03305,F,-2.51534
2688,1.82133,O,-5.375109999999999
2689,1.83825,O,-5.2079
2690,1.82139,O,-5.3731
2691,1.83831,O,-5.20845
2692,1.83823,O,-5.20965
2693,1.82136,O,-5.36951
2694,1.83825,O,-5.20967
2695,1.8213,O,-5.37259
2696,1.82127,O,-5.37512
2697,1.83823,O,-5.20959
2698,1.82135,O,-5.3760200000000005
2699,1.83832,O,-5.20803
2700,1.83832,O,-5.208500000000001
2701,1.82141,O,-5.37132
2702,1.83831,O,-5.20861
2703,1.82135,O,-5.36966
2704,1.94341,F,-3.15777
2705,1.95009,F,-3.11637
2706,2.0165,F,-2.59642
2707,2.04949,F,-2.43807
2708,1.95009,F,-3.11712
2709,1.9434,F,-3.1582600000000003
2710,2.01648,F,-2.59804
2711,2.04948,F,-2.43853
2712,2.0495,F,-2.43861
2713,2.01649,F,-2.59989
2714,1.9434,F,-3.15766
2715,1.95009,F,-3.1182600000000003
2716,2.04949,F,-2.43896
2717,2.01651,F,-2.59888
2718,1.94341,F,-3.15748
2719,1.95008,F,-3.11863
2720,1.9434,F,-3.1562200000000002
2721,1.95009,F,-3.11957
2722,2.01651,F,-2.59761
2723,2.0495,F,-2.43838
2724,1.95009,F,-3.11897
2725,1.9434,F,-3.15604
2726,2.0165,F,-2.5964799999999997
2727,2.04949,F,-2.43835
2728,2.04948,F,-2.43903
2729,2.01649,F,-2.59884
2730,1.95008,F,-3.11813
2731,1.94341,F,-3.15778
2732,2.04949,F,-2.43876
2733,2.01648,F,-2.59976
2734,1.95009,F,-3.11851
2735,1.9434,F,-3.1573700000000002
2736,1.74167,O,-6.9136
2737,1.75884,O,-6.64234
2738,1.93254,O,-3.84419
2739,1.84501,O,-5.12148
2740,1.78922,O,-5.97828
2741,1.8444,O,-5.12283
2742,1.9507,O,-3.73736
2743,1.87617,O,-4.5746
2744,1.74167,O,-6.91371
2745,1.75883,O,-6.64246
2746,1.93254,O,-3.84422
2747,1.84501,O,-5.11923
2748,1.78921,O,-5.97902
2749,1.8444,O,-5.1229499999999994
2750,1.95072,O,-3.7372
2751,1.87617,O,-4.57458
2752,1.94359,F,-3.1603000000000003
2753,1.94816,F,-3.13455
2754,1.91758,F,-3.40968
2755,1.92321,F,-3.3856
2756,2.02495,F,-2.45343
2757,1.95076,F,-3.1089599999999997
2758,1.9547,F,-3.06679
2759,2.05171,F,-2.32792
2760,1.9856,F,-2.87184
2761,2.04164,F,-2.4674300000000002
2762,1.98616,F,-2.82346
2763,1.99065,F,-2.77302
2764,2.01788,F,-2.5453799999999998
2765,2.0391,F,-2.4794799999999997
2766,2.01501,F,-2.70625
2767,2.0121,F,-2.65175
2768,1.94359,F,-3.15914
2769,1.94816,F,-3.13574
2770,1.91758,F,-3.40964
2771,1.92321,F,-3.38556
2772,2.02494,F,-2.45348
2773,1.95075,F,-3.1087499999999997
2774,1.95471,F,-3.067
2775,2.05171,F,-2.32792
2776,1.98561,F,-2.87178
2777,2.04164,F,-2.4687
2778,1.98616,F,-2.8238
2779,1.99065,F,-2.7732900000000003
2780,2.01789,F,-2.5457799999999997
2781,2.0391,F,-2.4794
2782,2.015,F,-2.70629
2783,2.01209,F,-2.65178
2784,1.72504,O,-7.295870000000001
2785,1.73567,O,-7.09132
2786,1.77828,O,-6.27346
2787,2.09049,O,-2.58995
2788,2.00112,O,-3.2090899999999998
2789,1.98898,O,-3.3173500000000002
2790,1.90429,O,-4.199159999999999
2791,1.78032,O,-6.24705
2792,1.92766,O,-3.9706
2793,1.77853,O,-6.28396
2794,2.01981,O,-3.09314
2795,1.96239,O,-3.71461
2796,1.92834,O,-4.14634
2797,2.15822,O,-2.2418899999999997
2798,1.93939,O,-3.99848
2799,2.12066,O,-2.4351599999999998
2800,2.02279,F,-2.53515
2801,2.02517,F,-2.51172
2802,1.9593,F,-2.95672
2803,1.96256,F,-2.96624
2804,1.91827,F,-3.41925
2805,1.92143,F,-3.42949
2806,1.93334,F,-3.2627800000000002
2807,1.93212,F,-3.3040000000000003
2808,2.02633,F,-2.4398999999999997
2809,1.96613,F,-2.95246
2810,1.97275,F,-2.8754
2811,1.95413,F,-3.11686
2812,1.9406,F,-3.1977599999999997
2813,1.93108,F,-3.2634999999999996
2814,1.93662,F,-3.1861699999999997
2815,2.0361,F,-2.378
2816,2.02447,F,-2.61245
2817,2.01017,F,-2.70988
2818,1.90017,F,-3.63047
2819,1.8992,F,-3.65821
2820,1.8682,F,-3.91201
2821,1.86961,F,-3.90526
2822,1.8604,F,-4.0009999999999994
2823,1.86051,F,-3.9991399999999997
2824,2.00459,F,-2.70062
2825,2.00399,F,-2.68738
2826,2.02104,F,-2.5024100000000002
2827,2.01869,F,-2.50127
2828,1.99568,F,-2.77555
2829,1.98564,F,-2.8408800000000003
2830,2.01686,F,-2.54308
2831,2.01468,F,-2.54272
2832,1.83123,O,-5.28724
2833,1.83117,O,-5.32904
2834,1.86517,O,-4.859109999999999
2835,1.8708,O,-4.752079999999999
2836,2.03747,O,-2.96425
2837,1.81534,O,-5.58585
2838,1.9802,O,-3.54135
2839,1.97388,O,-3.63897
2840,1.84718,O,-5.04818
2841,1.84652,O,-5.04852
2842,2.0757,O,-2.8738200000000003
2843,2.07594,O,-2.82896
2844,2.05155,O,-2.9497400000000003
2845,1.95908,O,-3.69105
2846,1.99351,O,-3.40099
2847,1.99383,O,-3.40633
2848,1.89987,F,-3.64712
2849,1.89989,F,-3.64881
2850,2.02487,F,-2.51244
2851,2.02534,F,-2.53324
2852,1.96243,F,-2.87222
2853,1.96244,F,-2.8597099999999998
2854,1.85748,F,-4.06293
2855,1.85751,F,-4.057259999999999
2856,1.88646,F,-3.7786
2857,1.88453,F,-3.7629799999999998
2858,1.87525,F,-3.76554
2859,1.87517,F,-3.77717
2860,1.86899,F,-3.93675
2861,1.869,F,-3.9257
2862,1.90676,F,-3.59599
2863,1.90645,F,-3.5604
2864,1.8498,F,-4.0647199999999994
2865,1.8495,F,-4.0550999999999995
2866,2.04747,F,-2.38158
2867,2.04496,F,-2.39784
2868,1.98803,F,-2.66944
2869,1.98808,F,-2.69063
2870,2.00713,F,-2.63323
2871,2.00713,F,-2.63273
2872,1.94709,F,-3.14217
2873,1.97173,F,-2.94984
2874,2.05201,F,-2.30267
2875,2.05199,F,-2.31062
2876,2.03794,F,-2.40541
2877,2.03793,F,-2.4241900000000003
2878,1.96448,F,-2.96285
2879,1.98013,F,-2.92358
2880,1.87414,O,-4.60857
2881,1.87874,O,-4.61341
2882,1.87399,O,-4.654719999999999
2883,1.87887,O,-4.5660799999999995
2884,1.87408,O,-4.620430000000001
2885,1.8788,O,-4.60455
2886,1.87404,O,-4.647270000000001
2887,1.87883,O,-4.57562
2888,1.84762,O,-5.125909999999999
2889,1.8072,O,-5.5160599999999995
2890,1.84762,O,-5.12587
2891,1.80726,O,-5.479559999999999
2892,1.84763,O,-5.09506
2893,1.80723,O,-5.52187
2894,1.84763,O,-5.1020900000000005
2895,1.80723,O,-5.4822299999999995
2896,1.97618,F,-2.95694
2897,1.97618,F,-2.9546200000000002
2898,1.9431,F,-3.15526
2899,1.9464,F,-3.12928
2900,1.97617,F,-2.9584799999999998
2901,1.97618,F,-2.9555499999999997
2902,1.9431,F,-3.15984
2903,1.94641,F,-3.12434
2904,1.97617,F,-2.96936
2905,1.97618,F,-2.94529
2906,1.9431,F,-3.16161
2907,1.94642,F,-3.1238099999999998
2908,1.97617,F,-2.9665
2909,1.97618,F,-2.94791
2910,1.9431,F,-3.1542000000000003
2911,1.94641,F,-3.1303
2912,1.97269,F,-2.9830300000000003
2913,1.97269,F,-2.9822100000000002
2914,2.05046,F,-2.41864
2915,1.96318,F,-2.86809
2916,1.97271,F,-2.97828
2917,1.97268,F,-2.99533
2918,2.05046,F,-2.42725
2919,1.96317,F,-2.88632
2920,1.9727,F,-2.97636
2921,1.9727,F,-2.99359
2922,2.05047,F,-2.4322600000000003
2923,1.96317,F,-2.8718700000000004
2924,1.9727,F,-2.98116
2925,1.9727,F,-2.99593
2926,2.05046,F,-2.4369500000000004
2927,1.96318,F,-2.89019
2928,1.80381,O,-5.5629
2929,1.80329,O,-5.59923
2930,1.77333,O,-6.29746
2931,1.99524,O,-3.19569
2932,1.98777,O,-3.2364100000000002
2933,1.77753,O,-6.24447
2934,1.77781,O,-6.27642
2935,1.81742,O,-5.3065999999999995
2936,1.77802,O,-6.258850000000001
2937,1.81705,O,-5.369
2938,1.93645,O,-3.90156
2939,1.88642,O,-4.48462
2940,1.88453,O,-4.51497
2941,1.93606,O,-3.90503
2942,1.87896,O,-4.56509
2943,1.89239,O,-4.42991
2944,1.91269,F,-3.5453599999999996
2945,1.91268,F,-3.57184
2946,1.90573,F,-3.54544
2947,1.90755,F,-3.5439499999999997
2948,1.96367,F,-2.89441
2949,1.91265,F,-3.5716200000000002
2950,1.91267,F,-3.53413
2951,1.90768,F,-3.5255900000000002
2952,1.90965,F,-3.5219899999999997
2953,1.96305,F,-2.8830099999999996
2954,1.93421,F,-3.31182
2955,1.9342,F,-3.30572
2956,1.99435,F,-2.7547699999999997
2957,1.99758,F,-2.70739
2958,1.93417,F,-3.30466
2959,1.93417,F,-3.30979
2960,1.99637,F,-2.74162
2961,1.99959,F,-2.6904500000000002
2962,2.05076,F,-2.42461
2963,2.05078,F,-2.39992
2964,2.04569,F,-2.3758
2965,1.97717,F,-2.79418
2966,2.0507,F,-2.39106
2967,2.05069,F,-2.4236500000000003
2968,2.04503,F,-2.37468
2969,1.97787,F,-2.7623499999999996
2970,2.02024,F,-2.6012899999999997
2971,2.02024,F,-2.60771
2972,2.04162,F,-2.50237
2973,2.01969,F,-2.6091499999999996
2974,2.0197,F,-2.60587
2975,2.04228,F,-2.49647
2976,1.83162,O,-5.25648
2977,1.82725,O,-5.3049800000000005
2978,1.82671,O,-5.3192900000000005
2979,1.82843,O,-5.28894
2980,1.8316,O,-5.25469
2981,1.82724,O,-5.31221
2982,1.82671,O,-5.30199
2983,1.82843,O,-5.29374
2984,1.825,O,-5.32533
2985,1.82532,O,-5.3286999999999995
2986,1.82077,O,-5.37064
2987,1.82649,O,-5.30897
2988,1.82501,O,-5.32564
2989,1.82532,O,-5.32657
2990,1.82079,O,-5.3846799999999995
2991,1.82649,O,-5.30958
2992,1.97414,F,-2.97783
2993,1.97414,F,-2.9725400000000004
2994,2.00496,F,-2.65383
2995,2.01202,F,-2.61499
2996,1.97131,F,-2.9943999999999997
2997,1.9713,F,-2.98669
2998,2.00962,F,-2.6238200000000003
2999,2.01037,F,-2.62666
3000,1.97414,F,-2.97494
3001,1.97414,F,-2.9761100000000003
3002,2.00496,F,-2.65504
3003,2.01202,F,-2.61358
3004,1.97131,F,-2.98972
3005,1.97131,F,-2.9933300000000003
3006,2.00963,F,-2.6320699999999997
3007,2.01038,F,-2.6276599999999997
3008,1.97448,F,-2.9709399999999997
3009,1.97448,F,-2.97469
3010,2.01145,F,-2.62233
3011,2.00725,F,-2.6355899999999997
3012,1.9716,F,-2.98386
3013,1.97161,F,-2.99302
3014,2.01536,F,-2.60044
3015,2.00554,F,-2.64819
3016,1.97448,F,-2.97331
3017,1.97448,F,-2.9712
3018,2.01145,F,-2.6216999999999997
3019,2.00725,F,-2.63529
3020,1.9716,F,-2.98929
3021,1.9716,F,-2.98792
3022,2.01538,F,-2.5956599999999996
3023,2.00553,F,-2.6489599999999998
3024,1.93248,O,-3.7516499999999997
3025,1.7882,O,-5.97321
3026,1.79208,O,-5.88621
3027,1.95138,O,-3.58432
3028,1.93807,O,-3.69405
3029,1.78771,O,-5.9573
3030,1.79232,O,-5.88439
3031,1.94606,O,-3.61931
3032,1.74028,O,-6.78699
3033,1.77167,O,-6.45765
3034,1.88095,O,-4.33667
3035,1.90782,O,-4.0673200000000005
3036,1.79646,O,-5.83802
3037,1.9546,O,-3.73789
3038,1.82755,O,-5.33786
3039,1.96773,O,-3.47574
3040,2.00006,F,-2.7766
3041,2.00002,F,-2.7632
3042,1.95017,F,-3.1458000000000004
3043,1.95093,F,-3.1023199999999997
3044,1.97941,F,-2.92209
3045,1.97937,F,-2.9485799999999998
3046,1.95005,F,-3.11435
3047,1.95266,F,-3.1187
3048,1.97098,F,-2.99267
3049,1.97102,F,-2.97387
3050,1.96881,F,-2.95403
3051,1.96559,F,-2.99803
3052,1.96276,F,-3.04602
3053,1.96265,F,-3.0717499999999998
3054,1.96414,F,-3.0116300000000003
3055,1.96983,F,-2.94993
3056,1.95501,F,-3.13163
3057,1.95502,F,-3.1500899999999996
3058,1.93547,F,-3.29515
3059,1.94502,F,-3.2233400000000003
3060,1.97651,F,-2.7209000000000003
3061,1.9768,F,-2.96432
3062,1.97684,F,-2.9377
3063,2.10451,F,-2.0778100000000004
3064,1.95666,F,-2.99603
3065,1.97804,F,-2.9203799999999998
3066,1.978,F,-2.93762
3067,2.00621,F,-2.7000900000000003
3068,2.01535,F,-2.65404
3069,1.98799,F,-2.86345
3070,1.9881,F,-2.83357
3071,2.03606,F,-2.61076
3072,1.79138,O,-5.81286
3073,1.81553,O,-5.37418
3074,1.79138,O,-5.8148
3075,1.81553,O,-5.372730000000001
3076,1.83619,O,-5.08761
3077,1.84034,O,-5.03697
3078,1.94551,O,-3.9227499999999997
3079,1.94462,O,-3.97165
3080,1.93465,O,-3.86239
3081,1.94297,O,-3.82527
3082,1.84034,O,-5.04499
3083,1.83619,O,-5.09614
3084,1.94461,O,-3.9747500000000002
3085,1.94554,O,-3.9239800000000002
3086,1.94297,O,-3.8273900000000003
3087,1.93465,O,-3.86468
3088,1.90738,F,-3.59649
3089,1.90738,F,-3.63369
3090,1.94733,F,-3.13245
3091,1.94732,F,-3.17116
3092,1.97256,F,-2.82387
3093,1.88411,F,-3.8444000000000003
3094,1.88411,F,-3.87001
3095,1.94656,F,-3.14791
3096,1.94656,F,-3.1696400000000002
3097,1.97467,F,-2.8427100000000003
3098,1.90738,F,-3.5987999999999998
3099,1.90738,F,-3.6324699999999996
3100,1.94734,F,-3.17875
3101,1.94733,F,-3.12617
3102,1.97256,F,-2.82521
3103,1.88411,F,-3.8393699999999997
3104,1.88411,F,-3.87291
3105,1.94657,F,-3.16168
3106,1.94656,F,-3.15383
3107,1.97467,F,-2.84164
3108,2.0637,F,-2.3479
3109,2.06371,F,-2.2926900000000003
3110,1.94507,F,-3.10446
3111,1.94507,F,-3.1153899999999997
3112,2.08653,F,-2.17882
3113,2.08651,F,-2.14989
3114,2.06371,F,-2.3401
3115,2.0637,F,-2.30469
3116,1.94507,F,-3.11827
3117,1.94507,F,-3.1070900000000004
3118,2.08653,F,-2.18132
3119,2.08651,F,-2.14971
