r	calc	exp 	diff
1	-0.51038	-0.6494	-0.13901
1.01	-0.58215	-0.66337	-0.08122
1.02	-0.65501	-0.68571	-0.0307
1.03	-0.72779	-0.71607	0.01172
1.04	-0.79922	-0.75379	0.04543
1.05	-0.86806	-0.79792	0.07014
1.06	-0.9331	-0.84728	0.08582
1.07	-0.9932	-0.90044	0.09276
1.08	-1.04737	-0.95583	0.09154
1.09	-1.09473	-1.01176	0.08297
1.1	-1.13463	-1.0665	0.06813
1.11	-1.16662	-1.11835	0.04827
1.12	-1.19049	-1.16571	0.02478
1.13	-1.20628	-1.20715	-8.71992E-4
1.14	-1.21427	-1.24148	-0.02721
1.15	-1.21499	-1.2678	-0.05281
1.16	-1.20921	-1.28555	-0.07634
1.17	-1.19787	-1.29453	-0.09666
1.18	-1.18212	-1.29494	-0.11283
1.19	-1.1632	-1.28737	-0.12417
1.2	-1.14245	-1.27277	-0.13032
1.21	-1.12126	-1.25246	-0.1312
1.22	-1.10098	-1.22801	-0.12703
1.23	-1.0829	-1.20126	-0.11836
1.24	-1.06818	-1.1742	-0.10602
1.25	-1.05784	-1.14888	-0.09104
1.26	-1.05268	-1.12733	-0.07465
1.27	-1.05328	-1.11149	-0.05821
1.28	-1.05994	-1.10309	-0.04315
1.29	-1.0727	-1.10359	-0.03089
1.3	-1.09133	-1.11407	-0.02274
1.31	-1.11533	-1.13521	-0.01988
1.32	-1.14395	-1.16724	-0.02329
1.33	-1.17622	-1.20986	-0.03364
1.34	-1.21097	-1.26231	-0.05134
1.35	-1.24693	-1.32333	-0.0764
1.36	-1.2827	-1.3912	-0.1085
1.37	-1.31687	-1.46382	-0.14695
1.38	-1.34804	-1.53876	-0.19072
1.39	-1.37488	-1.61336	-0.23848
1.4	-1.39621	-1.68483	-0.28862
1.41	-1.41099	-1.75034	-0.33935
1.42	-1.41844	-1.80715	-0.38872
1.43	-1.41797	-1.85273	-0.43476
1.44	-1.40931	-1.88484	-0.47553
1.45	-1.39243	-1.90163	-0.5092
1.46	-1.36759	-1.90176	-0.53417
1.47	-1.33531	-1.88439	-0.54908
1.48	-1.29633	-1.84928	-0.55295
1.49	-1.2516	-1.79679	-0.54519
1.5	-1.20224	-1.72787	-0.52564
1.51	-1.14942	-1.64402	-0.4946
1.52	-1.09439	-1.54724	-0.45285
1.53	-1.03838	-1.43995	-0.40157
1.54	-0.98249	-1.32488	-0.34239
1.55	-0.92773	-1.20497	-0.27725
1.56	-0.87484	-1.08325	-0.20841
1.57	-0.82437	-0.96265	-0.13829
1.58	-0.77652	-0.84596	-0.06944
1.59	-0.73118	-0.73559	-0.00442
1.6	-0.68789	-0.63356	0.05433
1.61	-0.64584	-0.54131	0.10453
1.62	-0.60388	-0.45965	0.14423
1.63	-0.56053	-0.38873	0.1718
1.64	-0.51404	-0.32796	0.18608
1.65	-0.46242	-0.27603	0.1864
1.66	-0.40354	-0.23095	0.17259
1.67	-0.33514	-0.19009	0.14505
1.68	-0.25499	-0.1503	0.10469
1.69	-0.16091	-0.10799	0.05292
1.7	-0.05088	-0.05928	-0.0084
1.71	0.07684	-1.77459E-4	-0.07702
1.72	0.22369	0.0733	-0.15039
1.73	0.39066	0.16489	-0.22576
1.74	0.57828	0.278	-0.30028
1.75	0.78655	0.41544	-0.37111
1.76	1.01487	0.57935	-0.43552
1.77	1.26205	0.77105	-0.49099
1.78	1.52627	0.99093	-0.53534
1.79	1.80514	1.23836	-0.56678
1.8	2.09566	1.51169	-0.58397
1.81	2.3943	1.80821	-0.58609
1.82	2.69709	2.12419	-0.5729
1.83	2.99963	2.455	-0.54463
1.84	3.29725	2.79512	-0.50213
1.85	3.58507	3.13837	-0.4467
1.86	3.85812	3.47802	-0.3801
1.87	4.11147	3.80702	-0.30445
1.88	4.34031	4.11814	-0.22217
1.89	4.54011	4.40426	-0.13585
1.9	4.70673	4.65854	-0.04819
1.91	4.83648	4.87463	0.03815
1.92	4.92627	5.04687	0.12061
1.93	4.97364	5.17051	0.19687
1.94	4.97688	5.24178	0.2649
1.95	4.93504	5.25811	0.32307
1.96	4.84797	5.21812	0.37015
1.97	4.71633	5.12174	0.40541
1.98	4.54158	4.9702	0.42862
1.99	4.32598	4.76596	0.43999
2	4.07247	4.5127	0.44023
2.01	3.78469	4.21518	0.43049
2.02	3.46686	3.87911	0.41225
2.03	3.12366	3.51095	0.38729
2.04	2.76016	3.1178	0.35764
2.05	2.38171	2.7071	0.32539
2.06	1.9938	2.28651	0.29271
2.07	1.60192	1.86361	0.26169
2.08	1.21151	1.44576	0.23426
2.09	0.82775	1.03984	0.21209
2.1	0.45553	0.65216	0.19663
2.11	0.09931	0.2882	0.18889
2.12	-0.23696	-0.04743	0.18953
2.13	-0.5499	-0.35112	0.19878
2.14	-0.83678	-0.62032	0.21646
2.15	-1.09552	-0.85355	0.24197
2.16	-1.32475	-1.05039	0.27436
2.17	-1.5238	-1.21146	0.31234
2.18	-1.69265	-1.33831	0.35434
2.19	-1.83194	-1.4333	0.39864
2.2	-1.94289	-1.49954	0.44335
2.21	-2.02726	-1.54069	0.48657
2.22	-2.08722	-1.5608	0.52642
2.23	-2.12532	-1.56417	0.56116
2.24	-2.14438	-1.55518	0.5892
2.25	-2.14733	-1.53811	0.60922
2.26	-2.13721	-1.51702	0.62019
2.27	-2.11699	-1.49558	0.62141
2.28	-2.0895	-1.47698	0.61252
2.29	-2.05734	-1.46383	0.59351
2.3	-2.02282	-1.45809	0.56473
2.31	-1.98788	-1.46104	0.52684
2.32	-1.95402	-1.47324	0.48078
2.33	-1.9223	-1.49458	0.42772
2.34	-1.89332	-1.52427	0.36905
2.35	-1.86718	-1.56096	0.30622
2.36	-1.84355	-1.60277	0.24078
2.37	-1.82168	-1.64739	0.17429
2.38	-1.80042	-1.69224	0.10818
2.39	-1.77835	-1.7345	0.04385
2.4	-1.75378	-1.77131	-0.01753
2.41	-1.7249	-1.79985	-0.07495
2.42	-1.6898	-1.81745	-0.12765
2.43	-1.64662	-1.8217	-0.17508
2.44	-1.59363	-1.81055	-0.21692
2.45	-1.52927	-1.78239	-0.25312
2.46	-1.45231	-1.73607	-0.28376
2.47	-1.36184	-1.67101	-0.30917
2.48	-1.25739	-1.58717	-0.32978
2.49	-1.13894	-1.48504	-0.3461
2.5	-1.00696	-1.36569	-0.35873
2.51	-0.86244	-1.23066	-0.36822
2.52	-0.70683	-1.08197	-0.37515
2.53	-0.54206	-0.92203	-0.37997
2.54	-0.37049	-0.75355	-0.38306
2.55	-0.19485	-0.5795	-0.38465
2.56	-0.01815	-0.403	-0.38485
2.57	0.15639	-0.22721	-0.3836
2.58	0.32543	-0.05528	-0.38071
2.59	0.4856	0.10975	-0.37586
2.6	0.63364	0.26501	-0.36864
2.61	0.76646	0.40791	-0.35855
2.62	0.88125	0.53617	-0.34508
2.63	0.97557	0.64786	-0.32771
2.64	1.0474	0.74143	-0.30598
2.65	1.09527	0.81577	-0.27949
2.66	1.1182	0.87019	-0.24802
2.67	1.11583	0.90438	-0.21145
2.68	1.08837	0.91849	-0.16988
2.69	1.03659	0.91298	-0.12361
2.7	0.96183	0.88869	-0.07314
2.71	0.86589	0.84673	-0.01916
2.72	0.75103	0.78846	0.03743
2.73	0.61987	0.71543	0.09556
2.74	0.47526	0.62931	0.15405
2.75	0.32026	0.53188	0.21162
2.76	0.15797	0.4249	0.26693
2.77	-0.00851	0.31016	0.31866
2.78	-0.17622	0.18934	0.36556
2.79	-0.34243	0.06403	0.40646
2.8	-0.50468	-0.06429	0.44039
2.81	-0.66088	-0.19434	0.46655
2.82	-0.80936	-0.32497	0.48439
2.83	-0.94889	-0.45524	0.49365
2.84	-1.07869	-0.58437	0.49432
2.85	-1.19845	-0.71175	0.4867
2.86	-1.30828	-0.83691	0.47137
2.87	-1.40871	-0.95954	0.44917
2.88	-1.50058	-1.07941	0.42117
2.89	-1.58503	-1.19638	0.38865
2.9	-1.66339	-1.31037	0.35303
2.91	-1.73711	-1.42132	0.31579
2.92	-1.80766	-1.52917	0.27849
2.93	-1.87645	-1.63382	0.24263
2.94	-1.9448	-1.73514	0.20966
2.95	-2.01378	-1.83295	0.18083
2.96	-2.08421	-1.92697	0.15724
2.97	-2.15663	-2.0169	0.13973
2.98	-2.2312	-2.10233	0.12888
2.99	-2.30778	-2.18282	0.12496
3	-2.38585	-2.25791	0.12794
3.01	-2.46458	-2.32709	0.13749
3.02	-2.5429	-2.38989	0.15301
3.03	-2.61947	-2.4459	0.17357
3.04	-2.69284	-2.49475	0.19809
3.05	-2.76146	-2.53622	0.22524
3.06	-2.8238	-2.5702	0.2536
3.07	-2.87844	-2.59678	0.28166
3.08	-2.92411	-2.6162	0.30791
3.09	-2.95981	-2.62895	0.33086
3.1	-2.98487	-2.63571	0.34916
3.11	-2.99897	-2.6374	0.36157
3.12	-3.00223	-2.6351	0.36713
3.13	-2.99519	-2.63012	0.36507
3.14	-2.97881	-2.62391	0.3549
3.15	-2.95447	-2.618	0.33647
3.16	-2.92392	-2.61403	0.30989
3.17	-2.8892	-2.61361	0.27559
3.18	-2.8526	-2.61832	0.23428
3.19	-2.81651	-2.62959	0.18693
3.2	-2.7834	-2.64867	0.13473
3.21	-2.75564	-2.67655	0.07909
3.22	-2.7354	-2.71392	0.02148
3.23	-2.7246	-2.76108	-0.03648
3.24	-2.72473	-2.81791	-0.09318
3.25	-2.73683	-2.88387	-0.14704
3.26	-2.76136	-2.95791	-0.19655
3.27	-2.79823	-3.03856	-0.24033
3.28	-2.84667	-3.12387	-0.2772
3.29	-2.90532	-3.21151	-0.30619
3.3	-2.9722	-3.29874	-0.32654
3.31	-3.04476	-3.38258	-0.33782
3.32	-3.11999	-3.45982	-0.33983
3.33	-3.19447	-3.52714	-0.33267
3.34	-3.26454	-3.58125	-0.31671
3.35	-3.32636	-3.61895	-0.29259
3.36	-3.37613	-3.63731	-0.26119
3.37	-3.41015	-3.63374	-0.22359
3.38	-3.42506	-3.60614	-0.18108
3.39	-3.4179	-3.55298	-0.13508
3.4	-3.38628	-3.47337	-0.08709
3.41	-3.32849	-3.36718	-0.03869
3.42	-3.24357	-3.23506	0.00851
3.43	-3.13138	-3.07843	0.05295
3.44	-2.99264	-2.89954	0.0931
3.45	-2.82894	-2.70136	0.12758
3.46	-2.64266	-2.48758	0.15508
3.47	-2.43698	-2.26249	0.17449
3.48	-2.21574	-2.03086	0.18488
3.49	-1.98335	-1.79781	0.18554
3.5	-1.74461	-1.56864	0.17597
3.51	-1.50459	-1.34867	0.15592
3.52	-1.26843	-1.14306	0.12537
3.53	-1.0412	-0.95663	0.08457
3.54	-0.82765	-0.79365	0.034
3.55	-0.63211	-0.65772	-0.02562
3.56	-0.45829	-0.55161	-0.09332
3.57	-0.30917	-0.47711	-0.16794
3.58	-0.18686	-0.43496	-0.2481
3.59	-0.09252	-0.42476	-0.33224
3.6	-0.02633	-0.44499	-0.41866
3.61	0.01255	-0.49298	-0.50553
3.62	0.02593	-0.56499	-0.59093
3.63	0.01659	-0.65628	-0.67287
3.64	-0.01188	-0.76126	-0.74938
3.65	-0.05517	-0.87365	-0.81847
3.66	-0.10839	-0.98664	-0.87825
3.67	-0.16625	-1.09318	-0.92693
3.68	-0.22324	-1.18612	-0.96288
3.69	-0.27384	-1.25853	-0.98469
3.7	-0.3127	-1.30387	-0.99117
3.71	-0.33485	-1.31627	-0.98142
3.72	-0.33585	-1.29074	-0.95489
3.73	-0.31196	-1.22332	-0.91136
3.74	-0.2603	-1.1113	-0.851
3.75	-0.17891	-0.95328	-0.77437
3.76	-0.06686	-0.74929	-0.68243
3.77	0.07573	-0.50079	-0.57652
3.78	0.2477	-0.21069	-0.45838
3.79	0.44688	0.11677	-0.33011
3.8	0.67016	0.47606	-0.19411
3.81	0.91362	0.86057	-0.05305
3.82	1.17263	1.2628	0.09017
3.83	1.44205	1.67455	0.2325
3.84	1.71636	2.08721	0.37085
3.85	1.9899	2.49199	0.50209
3.86	2.25703	2.88024	0.62321
3.87	2.51233	3.24368	0.73135
3.88	2.75076	3.57468	0.82392
3.89	2.96786	3.86649	0.89863
3.9	3.15987	4.11347	0.9536
3.91	3.32384	4.31123	0.98739
3.92	3.45773	4.45681	0.99908
3.93	3.56044	4.54872	0.98828
3.94	3.63187	4.58699	0.95512
3.95	3.67285	4.57317	0.90032
3.96	3.68512	4.51027	0.82515
3.97	3.67125	4.40259	0.73134
3.98	3.63451	4.25566	0.62115
3.99	3.57876	4.07594	0.49718
4	3.50831	3.87071	0.3624
4.01	3.4277	3.64771	0.22001
4.02	3.34162	3.41499	0.07337
4.03	3.25467	3.18057	-0.0741
4.04	3.17124	2.9522	-0.21904
4.05	3.09535	2.73716	-0.35819
4.06	3.03053	2.54198	-0.48855
4.07	2.9797	2.37229	-0.60741
4.08	2.94509	2.23264	-0.71245
4.09	2.92818	2.1264	-0.80178
4.1	2.92968	2.05569	-0.87399
4.11	2.94955	2.02135	-0.9282
4.12	2.98697	2.02296	-0.96401
4.13	3.04046	2.05891	-0.98155
4.14	3.10792	2.12648	-0.98144
4.15	3.18674	2.22201	-0.96473
4.16	3.27391	2.34105	-0.93286
4.17	3.36613	2.47853	-0.8876
4.18	3.45994	2.62898	-0.83096
4.19	3.55187	2.78676	-0.76511
4.2	3.63854	2.94622	-0.69232
4.21	3.71676	3.1019	-0.61486
4.22	3.78366	3.24876	-0.5349
4.23	3.83676	3.38227	-0.45449
4.24	3.87404	3.49857	-0.37547
4.25	3.89396	3.59457	-0.29939
4.26	3.89553	3.66802	-0.22751
4.27	3.87828	3.71748	-0.1608
4.28	3.84223	3.7424	-0.09983
4.29	3.78791	3.74298	-0.04493
4.3	3.71625	3.7202	0.00395
4.31	3.62854	3.67564	0.0471
4.32	3.52638	3.61142	0.08504
4.33	3.41154	3.53003	0.11849
4.34	3.28596	3.43423	0.14827
4.35	3.15158	3.32687	0.17529
4.36	3.01035	3.2108	0.20045
4.37	2.86409	3.08868	0.22459
4.38	2.71448	2.96294	0.24846
4.39	2.56298	2.83565	0.27267
4.4	2.41082	2.70846	0.29764
4.41	2.25897	2.58253	0.32356
4.42	2.10815	2.45857	0.35043
4.43	1.95879	2.3368	0.37801
4.44	1.81111	2.21699	0.40588
4.45	1.66511	2.09853	0.43342
4.46	1.52063	1.98048	0.45985
4.47	1.37738	1.86167	0.48429
4.48	1.23498	1.74079	0.50581
4.49	1.09304	1.61647	0.52343
4.5	0.95117	1.4874	0.53623
4.51	0.80904	1.35243	0.54339
4.52	0.66641	1.21063	0.54422
4.53	0.52318	1.06135	0.53817
4.54	0.37937	0.9043	0.52494
4.55	0.23516	0.73958	0.50443
4.56	0.09088	0.56767	0.47679
4.57	-0.05299	0.38943	0.44242
4.58	-0.19585	0.20609	0.40193
4.59	-0.337	0.01916	0.35616
4.6	-0.47568	-0.16958	0.3061
4.61	-0.61109	-0.35818	0.25291
4.62	-0.74242	-0.54461	0.19782
4.63	-0.86894	-0.72683	0.14211
4.64	-0.98995	-0.9029	0.08705
4.65	-1.10491	-1.07105	0.03386
4.66	-1.21338	-1.22974	-0.01636
4.67	-1.3151	-1.37776	-0.06266
4.68	-1.40997	-1.51424	-0.10427
4.69	-1.49809	-1.63871	-0.14062
4.7	-1.57971	-1.75112	-0.17141
4.71	-1.65525	-1.85178	-0.19653
4.72	-1.7253	-1.94141	-0.21611
4.73	-1.79052	-2.02106	-0.23054
4.74	-1.8517	-2.09204	-0.24034
4.75	-1.90968	-2.15589	-0.24621
4.76	-1.96529	-2.21426	-0.24897
4.77	-2.01936	-2.26887	-0.24951
4.78	-2.07268	-2.32139	-0.24871
4.79	-2.12591	-2.37336	-0.24745
4.8	-2.17962	-2.42613	-0.24651
4.81	-2.23423	-2.48079	-0.24656
4.82	-2.29	-2.53812	-0.24812
4.83	-2.34702	-2.5985	-0.25148
4.84	-2.40519	-2.66199	-0.2568
4.85	-2.46427	-2.7282	-0.26393
4.86	-2.52383	-2.79642	-0.27259
4.87	-2.58331	-2.86556	-0.28225
4.88	-2.64203	-2.93425	-0.29222
4.89	-2.6992	-3.00087	-0.30167
4.9	-2.75398	-3.06364	-0.30966
4.91	-2.80546	-3.12066	-0.31521
4.92	-2.85273	-3.17004	-0.31731
4.93	-2.89492	-3.20992	-0.315
4.94	-2.93115	-3.2386	-0.30745
4.95	-2.96064	-3.25457	-0.29393
4.96	-2.98265	-3.25659	-0.27394
4.97	-2.99655	-3.24372	-0.24717
4.98	-3.00177	-3.21536	-0.21359
4.99	-2.99787	-3.17124	-0.17337
5	-2.98445	-3.11147	-0.12702
5.01	-2.96122	-3.03648	-0.07526
5.02	-2.92793	-2.947	-0.01907
5.03	-2.8844	-2.84402	0.04038
5.04	-2.83048	-2.72876	0.10172
5.05	-2.76604	-2.60253	0.16351
5.06	-2.69095	-2.46678	0.22417
5.07	-2.60509	-2.32292	0.28217
5.08	-2.50832	-2.17235	0.33597
5.09	-2.40051	-2.01633	0.38418
5.1	-2.2815	-1.85598	0.42552
5.11	-2.15112	-1.6922	0.45892
5.12	-2.00922	-1.52569	0.48353
5.13	-1.85569	-1.35689	0.4988
5.14	-1.69043	-1.186	0.50443
5.15	-1.51344	-1.01302	0.50042
5.16	-1.32477	-0.83774	0.48704
5.17	-1.12464	-0.65979	0.46485
5.18	-0.91337	-0.47872	0.43465
5.19	-0.69145	-0.29401	0.39744
5.2	-0.45956	-0.10516	0.3544
5.21	-0.21858	0.08825	0.30682
5.22	0.03043	0.28651	0.25608
5.23	0.28618	0.48975	0.20357
5.24	0.5472	0.69784	0.15064
5.25	0.81183	0.91042	0.09858
5.26	1.07826	1.12682	0.04856
5.27	1.34452	1.3461	0.00158
5.28	1.60857	1.56706	-0.04151
5.29	1.8683	1.78822	-0.08008
5.3	2.1216	2.0079	-0.1137
5.31	2.36638	2.22424	-0.14214
5.32	2.60065	2.43528	-0.16537
5.33	2.82253	2.63902	-0.18351
5.34	3.03035	2.8335	-0.19685
5.35	3.22263	3.01684	-0.20579
5.36	3.39816	3.18735	-0.21081
5.37	3.55601	3.34356	-0.21245
5.38	3.69555	3.48433	-0.21122
5.39	3.81647	3.60881	-0.20766
5.4	3.91876	3.71656	-0.2022
5.41	4.00275	3.80751	-0.19524
5.42	4.06902	3.88199	-0.18703
5.43	4.11845	3.94068	-0.17777
5.44	4.15212	3.98463	-0.16749
5.45	4.17134	4.01517	-0.15617
5.46	4.17753	4.03387	-0.14366
5.47	4.17223	4.04249	-0.12974
5.48	4.15702	4.04286	-0.11416
5.49	4.13349	4.03686	-0.09663
5.5	4.10316	4.02627	-0.07689
5.51	4.06749	4.01277	-0.05472
5.52	4.02778	3.99782	-0.02996
5.53	3.98518	3.98261	-0.00257
5.54	3.94066	3.96802	0.02736
5.55	3.89496	3.95459	0.05963
5.56	3.84865	3.94247	0.09382
5.57	3.80203	3.93146	0.12943
5.58	3.75523	3.92101	0.16578
5.59	3.70818	3.91022	0.20204
5.6	3.66063	3.89794	0.23731
5.61	3.6122	3.88278	0.27058
5.62	3.56237	3.86319	0.30082
5.63	3.51055	3.83753	0.32698
5.64	3.45611	3.80418	0.34807
5.65	3.39838	3.76154	0.36316
5.66	3.33674	3.7082	0.37146
5.67	3.27057	3.64292	0.37235
5.68	3.19935	3.56474	0.36539
5.69	3.12264	3.47301	0.35037
5.7	3.0401	3.3674	0.3273
5.71	2.9515	3.24797	0.29647
5.72	2.85673	3.1151	0.25837
5.73	2.75579	2.96954	0.21375
5.74	2.64879	2.81234	0.16355
5.75	2.53593	2.64483	0.1089
5.76	2.4175	2.46855	0.05105
5.77	2.29383	2.28521	-0.00862
5.78	2.16534	2.09659	-0.06875
5.79	2.03243	1.90449	-0.12794
5.8	1.89554	1.71069	-0.18485
5.81	1.75509	1.51683	-0.23826
5.82	1.61149	1.32438	-0.28711
5.83	1.4651	1.13459	-0.33051
5.84	1.31626	0.94848	-0.36779
5.85	1.16526	0.76674	-0.39852
5.86	1.01234	0.5898	-0.42253
5.87	0.8577	0.41781	-0.4399
5.88	0.70153	0.25062	-0.45091
5.89	0.54396	0.08785	-0.45611
5.9	0.38513	-0.07106	-0.45619
5.91	0.22517	-0.22684	-0.45201
5.92	0.06423	-0.3803	-0.44453
5.93	-0.09754	-0.5323	-0.43475
5.94	-0.25994	-0.68363	-0.4237
5.95	-0.42271	-0.83504	-0.41233
5.96	-0.58558	-0.98711	-0.40153
5.97	-0.7482	-1.14025	-0.39205
5.98	-0.91017	-1.29463	-0.38446
5.99	-1.07105	-1.45019	-0.37914
6	-1.23034	-1.60661	-0.37627
6.01	-1.38751	-1.76331	-0.3758
6.02	-1.542	-1.91949	-0.37749
6.03	-1.69326	-2.07411	-0.38085
6.04	-1.84072	-2.226	-0.38528
6.05	-1.98382	-2.37382	-0.39
6.06	-2.12205	-2.51619	-0.39414
6.07	-2.25493	-2.65172	-0.39679
6.08	-2.38206	-2.77907	-0.39701
6.09	-2.50306	-2.89698	-0.39392
6.1	-2.61766	-3.0044	-0.38674
6.11	-2.72565	-3.10047	-0.37482
6.12	-2.82689	-3.18457	-0.35768
6.13	-2.92132	-3.25637	-0.33505
6.14	-3.00893	-3.31583	-0.3069
6.15	-3.08976	-3.36322	-0.27346
6.16	-3.1639	-3.39906	-0.23516
6.17	-3.23146	-3.42415	-0.19269
6.18	-3.29256	-3.43952	-0.14696
6.19	-3.34732	-3.44635	-0.09903
6.2	-3.39583	-3.44597	-0.05014
6.21	-3.43815	-3.43976	-0.00161
6.22	-3.47428	-3.4291	0.04518
6.23	-3.50419	-3.41532	0.08887
6.24	-3.52776	-3.39961	0.12815
6.25	-3.54485	-3.38302	0.16183
6.26	-3.55521	-3.36633	0.18888
6.27	-3.55856	-3.35012	0.20844
6.28	-3.5546	-3.33465	0.21995
6.29	-3.54295	-3.31991	0.22304
6.3	-3.52325	-3.3056	0.21765
6.31	-3.49514	-3.29115	0.20399
6.32	-3.45827	-3.27575	0.18252
6.33	-3.41236	-3.25837	0.15399
6.34	-3.35716	-3.23784	0.11933
6.35	-3.29255	-3.2129	0.07965
6.36	-3.21847	-3.18222	0.03625
6.37	-3.13499	-3.14452	-0.00953
6.38	-3.0423	-3.09859	-0.05629
6.39	-2.94075	-3.04337	-0.10262
6.4	-2.83077	-2.978	-0.14723
6.41	-2.71297	-2.90185	-0.18888
6.42	-2.58805	-2.81454	-0.22649
6.43	-2.45684	-2.71603	-0.25919
6.44	-2.32025	-2.60652	-0.28627
6.45	-2.17928	-2.48655	-0.30728
6.46	-2.03496	-2.35691	-0.32195
6.47	-1.88837	-2.21867	-0.3303
6.48	-1.7406	-2.07307	-0.33247
6.49	-1.59269	-1.92155	-0.32886
6.5	-1.44567	-1.76564	-0.31997
6.51	-1.30048	-1.60692	-0.30644
6.52	-1.158	-1.44697	-0.28897
6.53	-1.01899	-1.28733	-0.26834
6.54	-0.8841	-1.12938	-0.24528
6.55	-0.75388	-0.97438	-0.2205
6.56	-0.62874	-0.82338	-0.19464
6.57	-0.50897	-0.6772	-0.16823
6.58	-0.39475	-0.53643	-0.14168
6.59	-0.28617	-0.40141	-0.11524
6.6	-0.18319	-0.27225	-0.08906
6.61	-0.08574	-0.14884	-0.0631
6.62	0.00637	-0.03088	-0.03724
6.63	0.0933	0.08209	-0.01122
6.64	0.1753	0.1906	0.0153
6.65	0.25259	0.29528	0.0427
6.66	0.32537	0.39674	0.07137
6.67	0.39385	0.49555	0.1017
6.68	0.45816	0.59218	0.13402
6.69	0.51841	0.68697	0.16856
6.7	0.57465	0.78009	0.20544
6.71	0.62686	0.87151	0.24465
6.72	0.67498	0.96099	0.286
6.73	0.71889	1.04805	0.32916
6.74	0.75842	1.13203	0.37361
6.75	0.79336	1.21205	0.41869
6.76	0.82349	1.28706	0.46357
6.77	0.84856	1.35591	0.50735
6.78	0.86831	1.41733	0.54902
6.79	0.88251	1.47004	0.58753
6.8	0.89093	1.51274	0.62181
6.81	0.89339	1.54423	0.65084
6.82	0.88973	1.56343	0.6737
6.83	0.87985	1.56941	0.68957
6.84	0.86369	1.56146	0.69777
6.85	0.84125	1.53912	0.69787
6.86	0.81258	1.50218	0.6896
6.87	0.77777	1.45071	0.67294
6.88	0.73697	1.38508	0.64812
6.89	0.69034	1.3059	0.61556
6.9	0.63809	1.21404	0.57595
6.91	0.58046	1.11061	0.53016
6.92	0.51766	0.99687	0.47921
6.93	0.44995	0.87423	0.42428
6.94	0.37756	0.74417	0.3666
6.95	0.30072	0.60821	0.30749
6.96	0.21964	0.46785	0.24821
6.97	0.13451	0.32451	0.19
6.98	0.04551	0.17949	0.13398
6.99	-0.04721	0.03394	0.08115
7	-0.14351	-0.11118	0.03233
7.01	-0.24325	-0.25512	-0.01187
7.02	-0.3463	-0.39735	-0.05105
7.03	-0.45253	-0.53756	-0.08503
7.04	-0.56181	-0.67565	-0.11385
7.05	-0.67395	-0.81171	-0.13775
7.06	-0.78878	-0.94596	-0.15717
7.07	-0.90607	-1.07877	-0.1727
7.08	-1.02554	-1.21056	-0.18502
7.09	-1.14687	-1.3418	-0.19493
7.1	-1.26971	-1.47291	-0.2032
7.11	-1.39363	-1.60427	-0.21064
7.12	-1.51816	-1.7361	-0.21794
7.13	-1.64278	-1.8685	-0.22572
7.14	-1.76693	-2.00137	-0.23444
7.15	-1.89001	-2.13438	-0.24437
7.16	-2.01139	-2.26701	-0.25562
7.17	-2.13042	-2.39846	-0.26804
7.18	-2.24643	-2.52773	-0.2813
7.19	-2.35875	-2.65364	-0.29489
7.2	-2.46672	-2.77478	-0.30806
7.21	-2.56971	-2.88964	-0.31993
7.22	-2.66708	-2.9966	-0.32952
7.23	-2.75825	-3.09399	-0.33574
7.24	-2.84265	-3.18016	-0.33751
7.25	-2.91976	-3.25351	-0.33375
7.26	-2.98911	-3.31257	-0.32346
7.27	-3.05025	-3.35604	-0.30579
7.28	-3.10278	-3.38283	-0.28005
7.29	-3.14634	-3.39211	-0.24577
7.3	-3.18059	-3.38333	-0.20274
7.31	--	-3.35626	--
7.32	--	-3.31097	--
7.33	--	-3.24786	--
7.34	--	-3.16764	--
7.35	--	-3.07131	--
7.36	--	-2.9601	--
7.37	--	-2.83549	--
7.38	--	-2.69912	--
7.39	--	-2.55274	--
7.4	--	-2.39819	--
7.41	--	-2.23733	--
7.42	--	-2.07198	--
7.43	--	-1.90388	--
7.44	--	-1.73466	--
7.45	--	-1.56577	--
7.46	--	-1.39849	--
7.47	--	-1.23389	--
7.48	--	-1.07281	--
7.49	--	-0.91586	--
7.5	--	-0.76346	--
7.51	--	-0.61578	--
7.52	--	-0.47283	--
7.53	--	-0.33447	--
7.54	--	-0.2004	--
7.55	--	-0.07025	--
7.56	--	0.05642	--
7.57	--	0.18009	--
7.58	--	0.3012	--
7.59	--	0.42017	--
7.6	--	0.53737	--
7.61	--	0.65305	--
7.62	--	0.76737	--
7.63	--	0.88036	--
7.64	--	0.99194	--
7.65	--	1.10189	--
7.66	--	1.20988	--
7.67	--	1.31546	--
7.68	--	1.4181	--
7.69	--	1.51717	--
7.7	--	1.61198	--
7.71	--	1.70181	--
7.72	--	1.78591	--
7.73	--	1.86354	--
7.74	--	1.93396	--
7.75	--	1.99648	--
7.76	--	2.05045	--
7.77	--	2.09529	--
7.78	--	2.13048	--
7.79	--	2.15558	--
7.8	--	2.17022	--
7.81	--	2.17414	--
7.82	--	2.16714	--
7.83	--	2.14909	--
7.84	--	2.11997	--
7.85	--	2.0798	--
7.86	--	2.02869	--
7.87	--	1.96683	--
7.88	--	1.89444	--
7.89	--	1.81186	--
7.9	--	1.71944	--
7.91	--	1.61766	--
7.92	--	1.50701	--
7.93	--	1.38809	--
7.94	--	1.26157	--
7.95	--	1.1282	--
7.96	--	0.9888	--
7.97	--	0.84429	--
7.98	--	0.69565	--
7.99	--	0.54395	--
8	--	0.39034	--
8.01	--	0.23603	--
8.02	--	0.08228	--
8.03	--	-0.06958	--
8.04	--	-0.21821	--
8.05	--	-0.36225	--
8.06	--	-0.50032	--
8.07	--	-0.63109	--
8.08	--	-0.75325	--
8.09	--	-0.86554	--
8.1	--	-0.9668	--
8.11	--	-1.05594	--
8.12	--	-1.13198	--
8.13	--	-1.19407	--
8.14	--	-1.24148	--
8.15	--	-1.27362	--
8.16	--	-1.29004	--
8.17	--	-1.29044	--
8.18	--	-1.27463	--
8.19	--	-1.2426	--
8.2	--	-1.19443	--
8.21	--	-1.13034	--
8.22	--	-1.05066	--
8.23	--	-0.95581	--
8.24	--	-0.8463	--
8.25	--	-0.72273	--
8.26	--	-0.58577	--
8.27	--	-0.43613	--
8.28	--	-0.2746	--
8.29	--	-0.10202	--
8.3	--	0.08073	--
8.31	--	0.27272	--
8.32	--	0.47296	--
8.33	--	0.68042	--
8.34	--	0.89399	--
8.35	--	1.11253	--
8.36	--	1.33481	--
8.37	--	1.55957	--
8.38	--	1.78545	--
8.39	--	2.01104	--
8.4	--	2.23487	--
8.41	--	2.45542	--
8.42	--	2.67111	--
8.43	--	2.88034	--
8.44	--	3.0815	--
8.45	--	3.27298	--
8.46	--	3.45318	--
8.47	--	3.62057	--
8.48	--	3.77368	--
8.49	--	3.91114	--
8.5	--	4.03169	--
8.51	--	4.13424	--
8.52	--	4.21783	--
8.53	--	4.28172	--
8.54	--	4.32533	--
8.55	--	4.34833	--
8.56	--	4.35056	--
8.57	--	4.33211	--
8.58	--	4.29328	--
8.59	--	4.23454	--
8.6	--	4.15658	--
8.61	--	4.06025	--
8.62	--	3.94656	--
8.63	--	3.81664	--
8.64	--	3.67173	--
8.65	--	3.51313	--
8.66	--	3.34222	--
8.67	--	3.16039	--
8.68	--	2.96901	--
8.69	--	2.76947	--
8.7	--	2.5631	--
8.71	--	2.35119	--
8.72	--	2.13496	--
8.73	--	1.91557	--
8.74	--	1.6941	--
8.75	--	1.4716	--
8.76	--	1.249	--
8.77	--	1.02722	--
8.78	--	0.80712	--
8.79	--	0.58952	--
8.8	--	0.37524	--
8.81	--	0.16505	--
8.82	--	-0.04023	--
8.83	--	-0.23982	--
8.84	--	-0.4329	--
8.85	--	-0.61864	--
8.86	--	-0.79619	--
8.87	--	-0.96469	--
8.88	--	-1.12328	--
8.89	--	-1.27109	--
8.9	--	-1.40727	--
8.91	--	-1.531	--
8.92	--	-1.64151	--
8.93	--	-1.73808	--
8.94	--	-1.82009	--
8.95	--	-1.887	--
8.96	--	-1.93837	--
8.97	--	-1.97391	--
8.98	--	-1.99344	--
8.99	--	-1.99693	--
9	--	-1.9845	--
9.01	--	-1.95639	--
9.02	--	-1.91301	--
9.03	--	-1.85487	--
9.04	--	-1.78262	--
9.05	--	-1.69701	--
9.06	--	-1.59889	--
9.07	--	-1.48917	--
9.08	--	-1.36882	--
9.09	--	-1.23886	--
9.1	--	-1.10032	--
9.11	--	-0.95424	--
9.12	--	-0.80163	--
9.13	--	-0.64351	--
9.14	--	-0.48085	--
9.15	--	-0.31459	--
9.16	--	-0.14564	--
9.17	--	0.02516	--
9.18	--	0.19698	--
9.19	--	0.36901	--
9.2	--	0.5405	--
9.21	--	0.71068	--
9.22	--	0.87882	--
9.23	--	1.04415	--
9.24	--	1.20594	--
9.25	--	1.3634	--
9.26	--	1.51573	--
9.27	--	1.66211	--
9.28	--	1.8017	--
9.29	--	1.93363	--
9.3	--	2.05702	--
9.31	--	2.17097	--
9.32	--	2.27461	--
9.33	--	2.36705	--
9.34	--	2.44746	--
9.35	--	2.51504	--
9.36	--	2.56907	--
9.37	--	2.6089	--
9.38	--	2.63395	--
9.39	--	2.6438	--
9.4	--	2.63811	--
9.41	--	2.61668	--
9.42	--	2.57945	--
9.43	--	2.52649	--
9.44	--	2.45801	--
9.45	--	2.37437	--
9.46	--	2.27604	--
9.47	--	2.16363	--
9.48	--	2.03784	--
9.49	--	1.89948	--
9.5	--	1.74944	--
9.51	--	1.58867	--
9.52	--	1.41819	--
9.53	--	1.23904	--
9.54	--	1.05229	--
9.55	--	0.85902	--
9.56	--	0.6603	--
9.57	--	0.45722	--
9.58	--	0.25083	--
9.59	--	0.04216	--
9.6	--	-0.16778	--
9.61	--	-0.378	--
9.62	--	-0.58754	--
9.63	--	-0.79546	--
9.64	--	-1.00086	--
9.65	--	-1.20283	--
9.66	--	-1.4005	--
9.67	--	-1.59302	--
9.68	--	-1.77954	--
9.69	--	-1.95925	--
9.7	--	-2.13132	--
9.71	--	-2.29499	--
9.72	--	-2.4495	--
9.73	--	-2.59412	--
9.74	--	-2.72818	--
9.75	--	-2.85103	--
9.76	--	-2.9621	--
9.77	--	-3.06087	--
9.78	--	-3.14688	--
9.79	--	-3.21976	--
9.8	--	-3.27922	--
9.81	--	-3.32504	--
9.82	--	-3.3571	--
9.83	--	-3.37536	--
9.84	--	-3.37985	--
9.85	--	-3.3707	--
9.86	--	-3.34809	--
9.87	--	-3.31227	--
9.88	--	-3.26357	--
9.89	--	-3.20235	--
9.9	--	-3.129	--
9.91	--	-3.04395	--
9.92	--	-2.94766	--
9.93	--	-2.84061	--
9.94	--	-2.72328	--
9.95	--	-2.59616	--
9.96	--	-2.45978	--
9.97	--	-2.31465	--
9.98	--	-2.16131	--
9.99	--	-2.00035	--
10	--	-1.83237	--
10.01	--	-1.65801	--
10.02	--	-1.47799	--
10.03	--	-1.29307	--
10.04	--	-1.10412	--
10.05	--	-0.91205	--
10.06	--	-0.71789	--
10.07	--	-0.52276	--
10.08	--	-0.32787	--
10.09	--	-0.13452	--
10.1	--	0.05593	--
10.11	--	0.24202	--
10.12	--	0.42225	--
10.13	--	0.59509	--
10.14	--	0.75901	--
10.15	--	0.91249	--
10.16	--	1.05406	--
10.17	--	1.18233	--
10.18	--	1.29602	--
10.19	--	1.39399	--
10.2	--	1.47525	--
10.21	--	1.53902	--
10.22	--	1.58472	--
10.23	--	1.61199	--
10.24	--	1.62073	--
10.25	--	1.61105	--
10.26	--	1.58332	--
10.27	--	1.53815	--
10.28	--	1.47635	--
10.29	--	1.39895	--
10.3	--	1.30714	--
10.31	--	1.20229	--
10.32	--	1.08587	--
10.33	--	0.95944	--
10.34	--	0.82464	--
10.35	--	0.68311	--
10.36	--	0.5365	--
10.37	--	0.38641	--
10.38	--	0.2344	--
10.39	--	0.08193	--
10.4	--	-0.06963	--
10.41	--	-0.21901	--
10.42	--	-0.36507	--
10.43	--	-0.50681	--
10.44	--	-0.6433	--
10.45	--	-0.77377	--
10.46	--	-0.89752	--
10.47	--	-1.01398	--
10.48	--	-1.12263	--
10.49	--	-1.22302	--
10.5	--	-1.31478	--
10.51	--	-1.39756	--
10.52	--	-1.47106	--
10.53	--	-1.53502	--
10.54	--	-1.58918	--
10.55	--	-1.63333	--
10.56	--	-1.66728	--
10.57	--	-1.69091	--
10.58	--	-1.70411	--
10.59	--	-1.70685	--
10.6	--	-1.69919	--
10.61	--	-1.68125	--
10.62	--	-1.6533	--
10.63	--	-1.61568	--
10.64	--	-1.5689	--
10.65	--	-1.51359	--
10.66	--	-1.45051	--
10.67	--	-1.38059	--
10.68	--	-1.30487	--
10.69	--	-1.22453	--
10.7	--	-1.14083	--
10.71	--	-1.05516	--
10.72	--	-0.96893	--
10.73	--	-0.88361	--
10.74	--	-0.80065	--
10.75	--	-0.72149	--
10.76	--	-0.64748	--
10.77	--	-0.57988	--
10.78	--	-0.51984	--
10.79	--	-0.46833	--
10.8	--	-0.42613	--
10.81	--	-0.39386	--
10.82	--	-0.37189	--
10.83	--	-0.36039	--
10.84	--	-0.35933	--
10.85	--	-0.36846	--
10.86	--	-0.38732	--
10.87	--	-0.4153	--
10.88	--	-0.45164	--
10.89	--	-0.49544	--
10.9	--	-0.54572	--
10.91	--	-0.60143	--
10.92	--	-0.66152	--
10.93	--	-0.7249	--
10.94	--	-0.79054	--
10.95	--	-0.85745	--
10.96	--	-0.92473	--
10.97	--	-0.99154	--
10.98	--	-1.05715	--
10.99	--	-1.12093	--
11	--	-1.18235	--
11.01	--	-1.24096	--
11.02	--	-1.29639	--
11.03	--	-1.34833	--
11.04	--	-1.3965	--
11.05	--	-1.44066	--
11.06	--	-1.48056	--
11.07	--	-1.51594	--
11.08	--	-1.5465	--
11.09	--	-1.57192	--
11.1	--	-1.59179	--
11.11	--	-1.60568	--
11.12	--	-1.61308	--
11.13	--	-1.61348	--
11.14	--	-1.60631	--
11.15	--	-1.59102	--
11.16	--	-1.56704	--
11.17	--	-1.53391	--
11.18	--	-1.49119	--
11.19	--	-1.43859	--
11.2	--	-1.37594	--
11.21	--	-1.30327	--
11.22	--	-1.22077	--
11.23	--	-1.12888	--
11.24	--	-1.02825	--
11.25	--	-0.91976	--
11.26	--	-0.80455	--
11.27	--	-0.68398	--
11.28	--	-0.5596	--
11.29	--	-0.43314	--
11.3	--	-0.30651	--
11.31	--	-0.1817	--
11.32	--	-0.06074	--
11.33	--	0.05428	--
11.34	--	0.16136	--
11.35	--	0.25858	--
11.36	--	0.34415	--
11.37	--	0.4165	--
11.38	--	0.47428	--
11.39	--	0.51643	--
11.4	--	0.54216	--
11.41	--	0.55105	--
11.42	--	0.54296	--
11.43	--	0.51813	--
11.44	--	0.47709	--
11.45	--	0.42068	--
11.46	--	0.35004	--
11.47	--	0.26652	--
11.48	--	0.17172	--
11.49	--	0.06735	--
11.5	--	-0.04473	--
11.51	--	-0.16261	--
11.52	--	-0.28436	--
11.53	--	-0.40807	--
11.54	--	-0.53188	--
11.55	--	-0.65407	--
11.56	--	-0.77301	--
11.57	--	-0.88723	--
11.58	--	-0.99542	--
11.59	--	-1.09645	--
11.6	--	-1.18934	--
11.61	--	-1.27328	--
11.62	--	-1.34759	--
11.63	--	-1.41174	--
11.64	--	-1.46527	--
11.65	--	-1.50784	--
11.66	--	-1.53914	--
11.67	--	-1.55891	--
11.68	--	-1.5669	--
11.69	--	-1.56286	--
11.7	--	-1.54654	--
11.71	--	-1.51764	--
11.72	--	-1.47588	--
11.73	--	-1.42093	--
11.74	--	-1.35249	--
11.75	--	-1.27026	--
11.76	--	-1.17396	--
11.77	--	-1.06341	--
11.78	--	-0.93848	--
11.79	--	-0.79916	--
11.8	--	-0.6456	--
11.81	--	-0.4781	--
11.82	--	-0.29714	--
11.83	--	-0.10342	--
11.84	--	0.10215	--
11.85	--	0.31844	--
11.86	--	0.54412	--
11.87	--	0.77762	--
11.88	--	1.01721	--
11.89	--	1.26098	--
11.9	--	1.50689	--
11.91	--	1.75279	--
11.92	--	1.99648	--
11.93	--	2.23574	--
11.94	--	2.46838	--
11.95	--	2.69225	--
11.96	--	2.90537	--
11.97	--	3.10584	--
11.98	--	3.29201	--
11.99	--	3.46241	--
12	--	3.6158	--
12.01	--	3.75123	--
12.02	--	3.86798	--
12.03	--	3.96561	--
12.04	--	4.04394	--
12.05	--	4.10302	--
12.06	--	4.14315	--
12.07	--	4.16483	--
12.08	--	4.16874	--
12.09	--	4.15571	--
12.1	--	4.1267	--
12.11	--	4.08275	--
12.12	--	4.02498	--
12.13	--	3.95454	--
12.14	--	3.87259	--
12.15	--	3.78031	--
12.16	--	3.67883	--
12.17	--	3.56929	--
12.18	--	3.45275	--
12.19	--	3.33027	--
12.2	--	3.20286	--
12.21	--	3.07151	--
12.22	--	2.93718	--
12.23	--	2.80083	--
12.24	--	2.66339	--
12.25	--	2.52581	--
12.26	--	2.38905	--
12.27	--	2.25409	--
12.28	--	2.12191	--
12.29	--	1.9935	--
12.3	--	1.86988	--
12.31	--	1.75204	--
12.32	--	1.64097	--
12.33	--	1.53763	--
12.34	--	1.44292	--
12.35	--	1.35765	--
12.36	--	1.28258	--
12.37	--	1.21831	--
12.38	--	1.16532	--
12.39	--	1.12394	--
12.4	--	1.09432	--
12.41	--	1.07643	--
12.42	--	1.07004	--
12.43	--	1.07474	--
12.44	--	1.08992	--
12.45	--	1.11479	--
12.46	--	1.14839	--
12.47	--	1.18962	--
12.48	--	1.23723	--
12.49	--	1.28988	--
12.5	--	1.34617	--
12.51	--	1.40463	--
12.52	--	1.46381	--
12.53	--	1.52225	--
12.54	--	1.57857	--
12.55	--	1.63145	--
12.56	--	1.67965	--
12.57	--	1.7221	--
12.58	--	1.7578	--
12.59	--	1.78594	--
12.6	--	1.80584	--
12.61	--	1.81697	--
12.62	--	1.81893	--
12.63	--	1.81148	--
12.64	--	1.79449	--
12.65	--	1.76792	--
12.66	--	1.73186	--
12.67	--	1.68643	--
12.68	--	1.63185	--
12.69	--	1.56835	--
12.7	--	1.49622	--
12.71	--	1.41574	--
12.72	--	1.3272	--
12.73	--	1.23092	--
12.74	--	1.12719	--
12.75	--	1.01634	--
12.76	--	0.89866	--
12.77	--	0.77449	--
12.78	--	0.64419	--
12.79	--	0.50812	--
12.8	--	0.36674	--
12.81	--	0.2205	--
12.82	--	0.06996	--
12.83	--	-0.08426	--
12.84	--	-0.24149	--
12.85	--	-0.40096	--
12.86	--	-0.56182	--
12.87	--	-0.72318	--
12.88	--	-0.88406	--
12.89	--	-1.04345	--
12.9	--	-1.20031	--
12.91	--	-1.35356	--
12.92	--	-1.50217	--
12.93	--	-1.64511	--
12.94	--	-1.7814	--
12.95	--	-1.91015	--
12.96	--	-2.03055	--
12.97	--	-2.14191	--
12.98	--	-2.24367	--
12.99	--	-2.33539	--
13	--	-2.41681	--
13.01	--	-2.48779	--
13.02	--	-2.54836	--
13.03	--	-2.59868	--
13.04	--	-2.63905	--
13.05	--	-2.66989	--
13.06	--	-2.69172	--
13.07	--	-2.70517	--
13.08	--	-2.71089	--
13.09	--	-2.7096	--
13.1	--	-2.70204	--
13.11	--	-2.68893	--
13.12	--	-2.67098	--
13.13	--	-2.64886	--
13.14	--	-2.62319	--
13.15	--	-2.59451	--
13.16	--	-2.5633	--
13.17	--	-2.52996	--
13.18	--	-2.49482	--
13.19	--	-2.45811	--
13.2	--	-2.42003	--
13.21	--	-2.3807	--
13.22	--	-2.34018	--
13.23	--	-2.29852	--
13.24	--	-2.25571	--
13.25	--	-2.21176	--
13.26	--	-2.16665	--
13.27	--	-2.12037	--
13.28	--	-2.07295	--
13.29	--	-2.02439	--
13.3	--	-1.97475	--
13.31	--	-1.92408	--
13.32	--	-1.87245	--
13.33	--	-1.81997	--
13.34	--	-1.76671	--
13.35	--	-1.71277	--
13.36	--	-1.6582	--
13.37	--	-1.60307	--
13.38	--	-1.54739	--
13.39	--	-1.49112	--
13.4	--	-1.4342	--
13.41	--	-1.37651	--
13.42	--	-1.31787	--
13.43	--	-1.25808	--
13.44	--	-1.19686	--
13.45	--	-1.13392	--
13.46	--	-1.06893	--
13.47	--	-1.00157	--
13.48	--	-0.9315	--
13.49	--	-0.85842	--
13.5	--	-0.78205	--
13.51	--	-0.70217	--
13.52	--	-0.61863	--
13.53	--	-0.53136	--
13.54	--	-0.4404	--
13.55	--	-0.34588	--
13.56	--	-0.24803	--
13.57	--	-0.14722	--
13.58	--	-0.04389	--
13.59	--	0.06138	--
13.6	--	0.16795	--
13.61	--	0.27508	--
13.62	--	0.38199	--
13.63	--	0.48785	--
13.64	--	0.59181	--
13.65	--	0.69302	--
13.66	--	0.79068	--
13.67	--	0.88401	--
13.68	--	0.9723	--
13.69	--	1.05495	--
13.7	--	1.13145	--
13.71	--	1.20138	--
13.72	--	1.26448	--
13.73	--	1.32058	--
13.74	--	1.36966	--
13.75	--	1.41181	--
13.76	--	1.44724	--
13.77	--	1.47626	--
13.78	--	1.49926	--
13.79	--	1.51672	--
13.8	--	1.5292	--
13.81	--	1.53725	--
13.82	--	1.54151	--
13.83	--	1.54258	--
13.84	--	1.5411	--
13.85	--	1.53767	--
13.86	--	1.53288	--
13.87	--	1.52728	--
13.88	--	1.52141	--
13.89	--	1.51575	--
13.9	--	1.51074	--
13.91	--	1.50681	--
13.92	--	1.50433	--
13.93	--	1.50367	--
13.94	--	1.50515	--
13.95	--	1.50908	--
13.96	--	1.51575	--
13.97	--	1.52544	--
13.98	--	1.53841	--
13.99	--	1.55489	--
14	--	1.57509	--
14.01	--	1.59919	--
14.02	--	1.62733	--
14.03	--	1.6596	--
14.04	--	1.69602	--
14.05	--	1.73652	--
14.06	--	1.78096	--
14.07	--	1.82908	--
14.08	--	1.88051	--
14.09	--	1.93476	--
14.1	--	1.99119	--
14.11	--	2.04903	--
14.12	--	2.10738	--
14.13	--	2.16522	--
14.14	--	2.22139	--
14.15	--	2.27463	--
14.16	--	2.32359	--
14.17	--	2.36688	--
14.18	--	2.40303	--
14.19	--	2.43059	--
14.2	--	2.44813	--
14.21	--	2.45426	--
14.22	--	2.44769	--
14.23	--	2.42725	--
14.24	--	2.39191	--
14.25	--	2.34081	--
14.26	--	2.27331	--
14.27	--	2.18895	--
14.28	--	2.08754	--
14.29	--	1.96909	--
14.3	--	1.83386	--
14.31	--	1.68235	--
14.32	--	1.51526	--
14.33	--	1.33351	--
14.34	--	1.1382	--
14.35	--	0.93061	--
14.36	--	0.71211	--
14.37	--	0.48423	--
14.38	--	0.24852	--
14.39	--	0.00661	--
14.4	--	-0.23986	--
14.41	--	-0.48929	--
14.42	--	-0.74009	--
14.43	--	-0.99076	--
14.44	--	-1.23984	--
14.45	--	-1.486	--
14.46	--	-1.72801	--
14.47	--	-1.96472	--
14.48	--	-2.19513	--
14.49	--	-2.41832	--
14.5	--	-2.63349	--
14.51	--	-2.83993	--
14.52	--	-3.03703	--
14.53	--	-3.22425	--
14.54	--	-3.40111	--
14.55	--	-3.56722	--
14.56	--	-3.7222	--
14.57	--	-3.86574	--
14.58	--	-3.99757	--
14.59	--	-4.11745	--
14.6	--	-4.22517	--
14.61	--	-4.32057	--
14.62	--	-4.40351	--
14.63	--	-4.47392	--
14.64	--	-4.53177	--
14.65	--	-4.57711	--
14.66	--	-4.61002	--
14.67	--	-4.63069	--
14.68	--	-4.63938	--
14.69	--	-4.63644	--
14.7	--	-4.62231	--
14.71	--	-4.59751	--
14.72	--	-4.56266	--
14.73	--	-4.51844	--
14.74	--	-4.46563	--
14.75	--	-4.40504	--
14.76	--	-4.33755	--
14.77	--	-4.26405	--
14.78	--	-4.18546	--
14.79	--	-4.10268	--
14.8	--	-4.01658	--
14.81	--	-3.92801	--
14.82	--	-3.83773	--
14.83	--	-3.74644	--
14.84	--	-3.65475	--
14.85	--	-3.56315	--
14.86	--	-3.47207	--
14.87	--	-3.38177	--
14.88	--	-3.29245	--
14.89	--	-3.20418	--
14.9	--	-3.11695	--
14.91	--	-3.03065	--
14.92	--	-2.94509	--
14.93	--	-2.86006	--
14.94	--	-2.77527	--
14.95	--	-2.69043	--
14.96	--	-2.60524	--
14.97	--	-2.5194	--
14.98	--	-2.43266	--
14.99	--	-2.3448	--
15	--	-2.25565	--
15.01	--	-2.1651	--
15.02	--	-2.07311	--
15.03	--	-1.9797	--
15.04	--	-1.88496	--
15.05	--	-1.78904	--
15.06	--	-1.69215	--
15.07	--	-1.59454	--
15.08	--	-1.49649	--
15.09	--	-1.3983	--
15.1	--	-1.30028	--
15.11	--	-1.20275	--
15.12	--	-1.10598	--
15.13	--	-1.01024	--
15.14	--	-0.91575	--
15.15	--	-0.82267	--
15.16	--	-0.73112	--
15.17	--	-0.64116	--
15.18	--	-0.55279	--
15.19	--	-0.46594	--
15.2	--	-0.38049	--
15.21	--	-0.29629	--
15.22	--	-0.21311	--
15.23	--	-0.13071	--
15.24	--	-0.04881	--
15.25	--	0.0329	--
15.26	--	0.11471	--
15.27	--	0.19695	--
15.28	--	0.27993	--
15.29	--	0.36394	--
15.3	--	0.44927	--
15.31	--	0.53618	--
15.32	--	0.62491	--
15.33	--	0.71567	--
15.34	--	0.80865	--
15.35	--	0.90402	--
15.36	--	1.0019	--
15.37	--	1.10242	--
15.38	--	1.20564	--
15.39	--	1.31163	--
15.4	--	1.42041	--
15.41	--	1.53198	--
15.42	--	1.64631	--
15.43	--	1.76332	--
15.44	--	1.8829	--
15.45	--	2.0049	--
15.46	--	2.12909	--
15.47	--	2.25521	--
15.48	--	2.38291	--
15.49	--	2.5118	--
15.5	--	2.64137	--
15.51	--	2.77107	--
15.52	--	2.90026	--
15.53	--	3.02821	--
15.54	--	3.15413	--
15.55	--	3.27716	--
15.56	--	3.39636	--
15.57	--	3.51079	--
15.58	--	3.61944	--
15.59	--	3.7213	--
15.6	--	3.81535	--
15.61	--	3.90063	--
15.62	--	3.97621	--
15.63	--	4.0412	--
15.64	--	4.09486	--
15.65	--	4.13651	--
15.66	--	4.16563	--
15.67	--	4.18182	--
15.68	--	4.18486	--
15.69	--	4.17466	--
15.7	--	4.15134	--
15.71	--	4.11514	--
15.72	--	4.06651	--
15.73	--	4.00601	--
15.74	--	3.93436	--
15.75	--	3.8524	--
15.76	--	3.76108	--
15.77	--	3.66142	--
15.78	--	3.55449	--
15.79	--	3.44141	--
15.8	--	3.32329	--
15.81	--	3.20124	--
15.82	--	3.07631	--
15.83	--	2.94949	--
15.84	--	2.82171	--
15.85	--	2.6938	--
15.86	--	2.56649	--
15.87	--	2.44038	--
15.88	--	2.31599	--
15.89	--	2.19371	--
15.9	--	2.07384	--
15.91	--	1.95657	--
15.92	--	1.84201	--
15.93	--	1.7302	--
15.94	--	1.62111	--
15.95	--	1.51469	--
15.96	--	1.41083	--
15.97	--	1.30942	--
15.98	--	1.21036	--
15.99	--	1.11353	--
16	--	1.01884	--
16.01	--	0.92624	--
16.02	--	0.83568	--
16.03	--	0.74715	--
16.04	--	0.66068	--
16.05	--	0.57629	--
16.06	--	0.49406	--
16.07	--	0.41405	--
16.08	--	0.33635	--
16.09	--	0.26102	--
16.1	--	0.18814	--
16.11	--	0.11776	--
16.12	--	0.0499	--
16.13	--	-0.01543	--
16.14	--	-0.07825	--
16.15	--	-0.13862	--
16.16	--	-0.19662	--
16.17	--	-0.25234	--
16.18	--	-0.30589	--
16.19	--	-0.3574	--
16.2	--	-0.407	--
16.21	--	-0.45479	--
16.22	--	-0.50087	--
16.23	--	-0.54531	--
16.24	--	-0.58814	--
16.25	--	-0.62937	--
16.26	--	-0.66892	--
16.27	--	-0.70672	--
16.28	--	-0.74259	--
16.29	--	-0.77636	--
16.3	--	-0.80779	--
16.31	--	-0.8366	--
16.32	--	-0.86252	--
16.33	--	-0.88523	--
16.34	--	-0.90444	--
16.35	--	-0.91987	--
16.36	--	-0.93126	--
16.37	--	-0.93839	--
16.38	--	-0.94111	--
16.39	--	-0.93932	--
16.4	--	-0.93301	--
16.41	--	-0.92225	--
16.42	--	-0.90718	--
16.43	--	-0.88803	--
16.44	--	-0.86512	--
16.45	--	-0.83883	--
16.46	--	-0.80963	--
16.47	--	-0.77801	--
16.48	--	-0.74454	--
16.49	--	-0.70979	--
16.5	--	-0.67433	--
16.51	--	-0.63875	--
16.52	--	-0.6036	--
16.53	--	-0.56937	--
16.54	--	-0.53654	--
16.55	--	-0.50549	--
16.56	--	-0.47653	--
16.57	--	-0.44989	--
16.58	--	-0.42573	--
16.59	--	-0.4041	--
16.6	--	-0.385	--
16.61	--	-0.36831	--
16.62	--	-0.3539	--
16.63	--	-0.34153	--
16.64	--	-0.33096	--
16.65	--	-0.32189	--
16.66	--	-0.31404	--
16.67	--	-0.30709	--
16.68	--	-0.30076	--
16.69	--	-0.29479	--
16.7	--	-0.28895	--
16.71	--	-0.28306	--
16.72	--	-0.27697	--
16.73	--	-0.27061	--
16.74	--	-0.26393	--
16.75	--	-0.25696	--
16.76	--	-0.24974	--
16.77	--	-0.24238	--
16.78	--	-0.23499	--
16.79	--	-0.22773	--
16.8	--	-0.22074	--
16.81	--	-0.21418	--
16.82	--	-0.20819	--
16.83	--	-0.20288	--
16.84	--	-0.19837	--
16.85	--	-0.19471	--
16.86	--	-0.19193	--
16.87	--	-0.19003	--
16.88	--	-0.18896	--
16.89	--	-0.18864	--
16.9	--	-0.18897	--
16.91	--	-0.18982	--
16.92	--	-0.19104	--
16.93	--	-0.19249	--
16.94	--	-0.194	--
16.95	--	-0.19545	--
16.96	--	-0.19669	--
16.97	--	-0.19762	--
16.98	--	-0.19817	--
16.99	--	-0.19826	--
17	--	-0.19789	--
17.01	--	-0.19706	--
17.02	--	-0.19578	--
17.03	--	-0.19411	--
17.04	--	-0.19211	--
17.05	--	-0.18982	--
17.06	--	-0.18731	--
17.07	--	-0.1846	--
17.08	--	-0.18172	--
17.09	--	-0.17863	--
17.1	--	-0.17527	--
17.11	--	-0.17152	--
17.12	--	-0.16723	--
17.13	--	-0.16219	--
17.14	--	-0.15611	--
17.15	--	-0.1487	--
17.16	--	-0.1396	--
17.17	--	-0.12845	--
17.18	--	-0.11484	--
17.19	--	-0.09837	--
17.2	--	-0.07868	--
17.21	--	-0.0554	--
17.22	--	-0.02823	--
17.23	--	0.00308	--
17.24	--	0.0387	--
17.25	--	0.07872	--
17.26	--	0.12311	--
17.27	--	0.17177	--
17.28	--	0.22445	--
17.29	--	0.28083	--
17.3	--	0.34045	--
17.31	--	0.40277	--
17.32	--	0.46717	--
17.33	--	0.53293	--
17.34	--	0.59928	--
17.35	--	0.66544	--
17.36	--	0.73057	--
17.37	--	0.79385	--
17.38	--	0.85451	--
17.39	--	0.91177	--
17.4	--	0.96498	--
17.41	--	1.01353	--
17.42	--	1.05691	--
17.43	--	1.09476	--
17.44	--	1.1268	--
17.45	--	1.1529	--
17.46	--	1.17305	--
17.47	--	1.18738	--
17.48	--	1.19612	--
17.49	--	1.19964	--
17.5	--	1.1984	--
17.51	--	1.19296	--
17.52	--	1.18393	--
17.53	--	1.172	--
17.54	--	1.15789	--
17.55	--	1.14234	--
17.56	--	1.12611	--
17.57	--	1.10992	--
17.58	--	1.09447	--
17.59	--	1.08044	--
17.6	--	1.06842	--
17.61	--	1.05895	--
17.62	--	1.05249	--
17.63	--	1.04944	--
17.64	--	1.05008	--
17.65	--	1.05464	--
17.66	--	1.06322	--
17.67	--	1.07587	--
17.68	--	1.09252	--
17.69	--	1.11305	--
17.7	--	1.13723	--
17.71	--	1.16476	--
17.72	--	1.19526	--
17.73	--	1.2283	--
17.74	--	1.26336	--
17.75	--	1.29986	--
17.76	--	1.33718	--
17.77	--	1.37463	--
17.78	--	1.41146	--
17.79	--	1.4469	--
17.8	--	1.48013	--
17.81	--	1.51031	--
17.82	--	1.53656	--
17.83	--	1.55801	--
17.84	--	1.57375	--
17.85	--	1.58292	--
17.86	--	1.58464	--
17.87	--	1.5781	--
17.88	--	1.5625	--
17.89	--	1.53712	--
17.9	--	1.50132	--
17.91	--	1.45451	--
17.92	--	1.39625	--
17.93	--	1.32615	--
17.94	--	1.24399	--
17.95	--	1.14965	--
17.96	--	1.04316	--
17.97	--	0.92466	--
17.98	--	0.79446	--
17.99	--	0.65296	--
18	--	0.50073	--
18.01	--	0.33845	--
18.02	--	0.16689	--
18.03	--	-0.01306	--
18.04	--	-0.20044	--
18.05	--	-0.39422	--
18.06	--	-0.5933	--
18.07	--	-0.79657	--
18.08	--	-1.00289	--
18.09	--	-1.21114	--
18.1	--	-1.42018	--
18.11	--	-1.62893	--
18.12	--	-1.83633	--
18.13	--	-2.04139	--
18.14	--	-2.24318	--
18.15	--	-2.4408	--
18.16	--	-2.63347	--
18.17	--	-2.82044	--
18.18	--	-3.00106	--
18.19	--	-3.17471	--
18.2	--	-3.34087	--
18.21	--	-3.49906	--
18.22	--	-3.64886	--
18.23	--	-3.78988	--
18.24	--	-3.92182	--
18.25	--	-4.04437	--
18.26	--	-4.15727	--
18.27	--	-4.26031	--
18.28	--	-4.3533	--
18.29	--	-4.43609	--
18.3	--	-4.50856	--
18.31	--	-4.57062	--
18.32	--	-4.62223	--
18.33	--	-4.66341	--
18.34	--	-4.6942	--
18.35	--	-4.71472	--
18.36	--	-4.72514	--
18.37	--	-4.7257	--
18.38	--	-4.71668	--
18.39	--	-4.69847	--
18.4	--	-4.67148	--
18.41	--	-4.63621	--
18.42	--	-4.5932	--
18.43	--	-4.54305	--
18.44	--	-4.4864	--
18.45	--	-4.42391	--
18.46	--	-4.35628	--
18.47	--	-4.28419	--
18.48	--	-4.20833	--
18.49	--	-4.12935	--
18.5	--	-4.0479	--
18.51	--	-3.96455	--
18.52	--	-3.87981	--
18.53	--	-3.79416	--
18.54	--	-3.70796	--
18.55	--	-3.62151	--
18.56	--	-3.53504	--
18.57	--	-3.44868	--
18.58	--	-3.36248	--
18.59	--	-3.27643	--
18.6	--	-3.19044	--
18.61	--	-3.10436	--
18.62	--	-3.01801	--
18.63	--	-2.93115	--
18.64	--	-2.84354	--
18.65	--	-2.75489	--
18.66	--	-2.66495	--
18.67	--	-2.57346	--
18.68	--	-2.48015	--
18.69	--	-2.38483	--
18.7	--	-2.2873	--
18.71	--	-2.18739	--
18.72	--	-2.08499	--
18.73	--	-1.98	--
18.74	--	-1.87237	--
18.75	--	-1.76206	--
18.76	--	-1.64907	--
18.77	--	-1.53338	--
18.78	--	-1.41503	--
18.79	--	-1.29401	--
18.8	--	-1.17035	--
18.81	--	-1.04405	--
18.82	--	-0.9151	--
18.83	--	-0.78347	--
18.84	--	-0.64915	--
18.85	--	-0.51207	--
18.86	--	-0.37219	--
18.87	--	-0.22946	--
18.88	--	-0.08381	--
18.89	--	0.06479	--
18.9	--	0.21637	--
18.91	--	0.37091	--
18.92	--	0.52836	--
18.93	--	0.68863	--
18.94	--	0.85156	--
18.95	--	1.01695	--
18.96	--	1.18451	--
18.97	--	1.3539	--
18.98	--	1.52471	--
18.99	--	1.69646	--
19	--	1.86862	--
19.01	--	2.0406	--
19.02	--	2.21177	--
19.03	--	2.38149	--
19.04	--	2.54907	--
19.05	--	2.71384	--
19.06	--	2.87513	--
19.07	--	3.0323	--
19.08	--	3.18473	--
19.09	--	3.33187	--
19.1	--	3.4732	--
19.11	--	3.60829	--
19.12	--	3.73675	--
19.13	--	3.85827	--
19.14	--	3.97262	--
19.15	--	4.0796	--
19.16	--	4.1791	--
19.17	--	4.27103	--
19.18	--	4.35536	--
19.19	--	4.43207	--
19.2	--	4.50116	--
19.21	--	4.56263	--
19.22	--	4.61647	--
19.23	--	4.66266	--
19.24	--	4.70113	--
19.25	--	4.7318	--
19.26	--	4.75454	--
19.27	--	4.76917	--
19.28	--	4.7755	--
19.29	--	4.77329	--
19.3	--	4.76229	--
19.31	--	4.74223	--
19.32	--	4.71284	--
19.33	--	4.67388	--
19.34	--	4.62514	--
19.35	--	4.56643	--
19.36	--	4.49766	--
19.37	--	4.4188	--
19.38	--	4.3299	--
19.39	--	4.23113	--
19.4	--	4.12274	--
19.41	--	4.00512	--
19.42	--	3.87874	--
19.43	--	3.7442	--
19.44	--	3.60218	--
19.45	--	3.45345	--
19.46	--	3.29886	--
19.47	--	3.13931	--
19.48	--	2.97573	--
19.49	--	2.80909	--
19.5	--	2.64032	--
19.51	--	2.47035	--
19.52	--	2.30005	--
19.53	--	2.13024	--
19.54	--	1.96163	--
19.55	--	1.79485	--
19.56	--	1.63043	--
19.57	--	1.46878	--
19.58	--	1.31019	--
19.59	--	1.15483	--
19.6	--	1.00278	--
19.61	--	0.85399	--
19.62	--	0.70835	--
19.63	--	0.56563	--
19.64	--	0.42559	--
19.65	--	0.28792	--
19.66	--	0.15227	--
19.67	--	0.01832	--
19.68	--	-0.11427	--
19.69	--	-0.24579	--
19.7	--	-0.3765	--
19.71	--	-0.50661	--
19.72	--	-0.63624	--
19.73	--	-0.76548	--
19.74	--	-0.89432	--
19.75	--	-1.02267	--
19.76	--	-1.15038	--
19.77	--	-1.27723	--
19.78	--	-1.40294	--
19.79	--	-1.52717	--
19.8	--	-1.64954	--
19.81	--	-1.76964	--
19.82	--	-1.88704	--
19.83	--	-2.0013	--
19.84	--	-2.11196	--
19.85	--	-2.21858	--
19.86	--	-2.32075	--
19.87	--	-2.41805	--
19.88	--	-2.5101	--
19.89	--	-2.59654	--
19.9	--	-2.67704	--
19.91	--	-2.7513	--
19.92	--	-2.81903	--
19.93	--	-2.87997	--
19.94	--	-2.93387	--
19.95	--	-2.98049	--
19.96	--	-3.0196	--
19.97	--	-3.05098	--
19.98	--	-3.0744	--
19.99	--	-3.08964	--
20	--	-3.09648	--
20.01	--	-3.0947	--
20.02	--	-3.08409	--
20.03	--	-3.06442	--
20.04	--	-3.03551	--
20.05	--	-2.99717	--
20.06	--	-2.94927	--
20.07	--	-2.89167	--
20.08	--	-2.82432	--
20.09	--	-2.74716	--
20.1	--	-2.66025	--
20.11	--	-2.56366	--
20.12	--	-2.45754	--
20.13	--	-2.34213	--
20.14	--	-2.2177	--
20.15	--	-2.08463	--
20.16	--	-1.94334	--
20.17	--	-1.79432	--
20.18	--	-1.63815	--
20.19	--	-1.47541	--
20.2	--	-1.30679	--
20.21	--	-1.13296	--
20.22	--	-0.95467	--
20.23	--	-0.77266	--
20.24	--	-0.58771	--
20.25	--	-0.4006	--
20.26	--	-0.2121	--
20.27	--	-0.02299	--
20.28	--	0.16595	--
20.29	--	0.35398	--
20.3	--	0.54036	--
20.31	--	0.72436	--
20.32	--	0.90527	--
20.33	--	1.08243	--
20.34	--	1.25515	--
20.35	--	1.4228	--
20.36	--	1.58476	--
20.37	--	1.74041	--
20.38	--	1.88919	--
20.39	--	2.03054	--
20.4	--	2.16394	--
20.41	--	2.28889	--
20.42	--	2.40495	--
20.43	--	2.51172	--
20.44	--	2.60883	--
20.45	--	2.69599	--
20.46	--	2.77299	--
20.47	--	2.83967	--
20.48	--	2.89595	--
20.49	--	2.94185	--
20.5	--	2.97749	--
20.51	--	3.00304	--
20.52	--	3.01879	--
20.53	--	3.02512	--
20.54	--	3.02249	--
20.55	--	3.01142	--
20.56	--	2.99251	--
20.57	--	2.96641	--
20.58	--	2.9338	--
20.59	--	2.8954	--
20.6	--	2.85191	--
20.61	--	2.80403	--
20.62	--	2.75243	--
20.63	--	2.69772	--
20.64	--	2.64048	--
20.65	--	2.58116	--
20.66	--	2.52017	--
20.67	--	2.45779	--
20.68	--	2.39422	--
20.69	--	2.32955	--
20.7	--	2.26377	--
20.71	--	2.19676	--
20.72	--	2.12835	--
20.73	--	2.05826	--
20.74	--	1.98619	--
20.75	--	1.91176	--
20.76	--	1.83461	--
20.77	--	1.75436	--
20.78	--	1.67065	--
20.79	--	1.58318	--
20.8	--	1.49168	--
20.81	--	1.39598	--
20.82	--	1.29599	--
20.83	--	1.19171	--
20.84	--	1.08326	--
20.85	--	0.97086	--
20.86	--	0.85484	--
20.87	--	0.73562	--
20.88	--	0.61375	--
20.89	--	0.48982	--
20.9	--	0.36451	--
20.91	--	0.23854	--
20.92	--	0.11269	--
20.93	--	-0.01229	--
20.94	--	-0.13562	--
20.95	--	-0.25654	--
20.96	--	-0.37437	--
20.97	--	-0.48844	--
20.98	--	-0.59818	--
20.99	--	-0.70308	--
21	--	-0.80274	--
21.01	--	-0.89681	--
21.02	--	-0.98507	--
21.03	--	-1.06736	--
21.04	--	-1.14362	--
21.05	--	-1.21385	--
21.06	--	-1.27812	--
21.07	--	-1.33655	--
21.08	--	-1.38931	--
21.09	--	-1.43659	--
21.1	--	-1.4786	--
21.11	--	-1.51554	--
21.12	--	-1.54762	--
21.13	--	-1.57504	--
21.14	--	-1.59798	--
21.15	--	-1.61658	--
21.16	--	-1.63096	--
21.17	--	-1.64124	--
21.18	--	-1.64748	--
21.19	--	-1.64975	--
21.2	--	-1.6481	--
21.21	--	-1.64256	--
21.22	--	-1.6332	--
21.23	--	-1.62006	--
21.24	--	-1.60322	--
21.25	--	-1.58278	--
21.26	--	-1.55887	--
21.27	--	-1.53166	--
21.28	--	-1.50134	--
21.29	--	-1.46816	--
21.3	--	-1.4324	--
21.31	--	-1.39435	--
21.32	--	-1.35435	--
21.33	--	-1.31276	--
21.34	--	-1.26995	--
21.35	--	-1.22629	--
21.36	--	-1.18216	--
21.37	--	-1.13792	--
21.38	--	-1.0939	--
21.39	--	-1.05041	--
21.4	--	-1.00774	--
21.41	--	-0.96612	--
21.42	--	-0.92575	--
21.43	--	-0.88678	--
21.44	--	-0.84932	--
21.45	--	-0.81344	--
21.46	--	-0.77917	--
21.47	--	-0.74651	--
21.48	--	-0.71544	--
21.49	--	-0.6859	--
21.5	--	-0.65786	--
21.51	--	-0.63123	--
21.52	--	-0.60598	--
21.53	--	-0.58204	--
21.54	--	-0.55939	--
21.55	--	-0.53801	--
21.56	--	-0.5179	--
21.57	--	-0.49908	--
21.58	--	-0.4816	--
21.59	--	-0.46551	--
21.6	--	-0.45089	--
21.61	--	-0.43781	--
21.62	--	-0.42636	--
21.63	--	-0.41661	--
21.64	--	-0.40862	--
21.65	--	-0.40245	--
21.66	--	-0.39812	--
21.67	--	-0.39563	--
21.68	--	-0.39495	--
21.69	--	-0.39601	--
21.7	--	-0.39872	--
21.71	--	-0.40296	--
21.72	--	-0.40857	--
21.73	--	-0.41536	--
21.74	--	-0.42316	--
21.75	--	-0.43175	--
21.76	--	-0.44091	--
21.77	--	-0.45045	--
21.78	--	-0.46017	--
21.79	--	-0.46988	--
21.8	--	-0.47945	--
21.81	--	-0.48874	--
21.82	--	-0.49767	--
21.83	--	-0.50617	--
21.84	--	-0.51422	--
21.85	--	-0.52184	--
21.86	--	-0.52907	--
21.87	--	-0.53596	--
21.88	--	-0.54259	--
21.89	--	-0.54907	--
21.9	--	-0.55547	--
21.91	--	-0.56189	--
21.92	--	-0.56841	--
21.93	--	-0.57507	--
21.94	--	-0.58189	--
21.95	--	-0.58889	--
21.96	--	-0.59601	--
21.97	--	-0.60319	--
21.98	--	-0.61031	--
21.99	--	-0.61723	--
22	--	-0.6238	--
22.01	--	-0.62984	--
22.02	--	-0.63514	--
22.03	--	-0.63951	--
22.04	--	-0.64277	--
22.05	--	-0.64475	--
22.06	--	-0.64531	--
22.07	--	-0.64434	--
22.08	--	-0.64178	--
22.09	--	-0.63762	--
22.1	--	-0.63189	--
22.11	--	-0.62469	--
22.12	--	-0.61615	--
22.13	--	-0.60647	--
22.14	--	-0.59586	--
22.15	--	-0.58459	--
22.16	--	-0.57293	--
22.17	--	-0.56118	--
22.18	--	-0.54961	--
22.19	--	-0.5385	--
22.2	--	-0.52808	--
22.21	--	-0.51856	--
22.22	--	-0.51009	--
22.23	--	-0.50276	--
22.24	--	-0.49662	--
22.25	--	-0.49162	--
22.26	--	-0.48769	--
22.27	--	-0.48467	--
22.28	--	-0.48236	--
22.29	--	-0.48052	--
22.3	--	-0.47888	--
22.31	--	-0.47714	--
22.32	--	-0.47501	--
22.33	--	-0.47223	--
22.34	--	-0.46854	--
22.35	--	-0.46375	--
22.36	--	-0.45772	--
22.37	--	-0.45038	--
22.38	--	-0.44174	--
22.39	--	-0.4319	--
22.4	--	-0.42102	--
22.41	--	-0.40937	--
22.42	--	-0.39729	--
22.43	--	-0.38519	--
22.44	--	-0.37353	--
22.45	--	-0.3628	--
22.46	--	-0.35355	--
22.47	--	-0.34629	--
22.48	--	-0.34153	--
22.49	--	-0.33976	--
22.5	--	-0.34139	--
22.51	--	-0.34677	--
22.52	--	-0.35617	--
22.53	--	-0.36974	--
22.54	--	-0.38755	--
22.55	--	-0.40955	--
22.56	--	-0.43556	--
22.57	--	-0.46534	--
22.58	--	-0.4985	--
22.59	--	-0.5346	--
22.6	--	-0.57311	--
22.61	--	-0.61346	--
22.62	--	-0.65503	--
22.63	--	-0.69718	--
22.64	--	-0.7393	--
22.65	--	-0.78077	--
22.66	--	-0.82102	--
22.67	--	-0.85955	--
22.68	--	-0.89588	--
22.69	--	-0.92966	--
22.7	--	-0.96057	--
22.71	--	-0.98839	--
22.72	--	-1.01297	--
22.73	--	-1.03422	--
22.74	--	-1.05211	--
22.75	--	-1.06666	--
22.76	--	-1.07791	--
22.77	--	-1.08591	--
22.78	--	-1.09071	--
22.79	--	-1.09234	--
22.8	--	-1.0908	--
22.81	--	-1.08603	--
22.82	--	-1.07793	--
22.83	--	-1.06633	--
22.84	--	-1.05098	--
22.85	--	-1.03161	--
22.86	--	-1.00785	--
22.87	--	-0.9793	--
22.88	--	-0.94554	--
22.89	--	-0.90611	--
22.9	--	-0.86057	--
22.91	--	-0.8085	--
22.92	--	-0.7495	--
22.93	--	-0.68327	--
22.94	--	-0.60956	--
22.95	--	-0.52823	--
22.96	--	-0.43926	--
22.97	--	-0.34274	--
22.98	--	-0.23889	--
22.99	--	-0.12808	--
23	--	-0.01079	--
23.01	--	0.1124	--
23.02	--	0.24076	--
23.03	--	0.37351	--
23.04	--	0.50977	--
23.05	--	0.64863	--
23.06	--	0.78915	--
23.07	--	0.93039	--
23.08	--	1.07144	--
23.09	--	1.21142	--
23.1	--	1.34954	--
23.11	--	1.48508	--
23.12	--	1.61741	--
23.13	--	1.74601	--
23.14	--	1.87049	--
23.15	--	1.99054	--
23.16	--	2.10597	--
23.17	--	2.21665	--
23.18	--	2.32257	--
23.19	--	2.42374	--
23.2	--	2.52023	--
23.21	--	2.61209	--
23.22	--	2.6994	--
23.23	--	2.78217	--
23.24	--	2.86037	--
23.25	--	2.9339	--
23.26	--	3.00257	--
23.27	--	3.06609	--
23.28	--	3.12405	--
23.29	--	3.17594	--
23.3	--	3.22117	--
23.31	--	3.25901	--
23.32	--	3.28871	--
23.33	--	3.30941	--
23.34	--	3.32024	--
23.35	--	3.32031	--
23.36	--	3.30877	--
23.37	--	3.28479	--
23.38	--	3.24762	--
23.39	--	3.19664	--
23.4	--	3.13131	--
23.41	--	3.05129	--
23.42	--	2.95636	--
23.43	--	2.84651	--
23.44	--	2.72191	--
23.45	--	2.58291	--
23.46	--	2.43005	--
23.47	--	2.26404	--
23.48	--	2.08577	--
23.49	--	1.89625	--
23.5	--	1.69664	--
23.51	--	1.48818	--
23.52	--	1.27219	--
23.53	--	1.05005	--
23.54	--	0.82315	--
23.55	--	0.5929	--
23.56	--	0.36066	--
23.57	--	0.12777	--
23.58	--	-0.10449	--
23.59	--	-0.3349	--
23.6	--	-0.56233	--
23.61	--	-0.78573	--
23.62	--	-1.00411	--
23.63	--	-1.21658	--
23.64	--	-1.42229	--
23.65	--	-1.6205	--
23.66	--	-1.81046	--
23.67	--	-1.99151	--
23.68	--	-2.16299	--
23.69	--	-2.32428	--
23.7	--	-2.47475	--
23.71	--	-2.61379	--
23.72	--	-2.7408	--
23.73	--	-2.85516	--
23.74	--	-2.95627	--
23.75	--	-3.04354	--
23.76	--	-3.1164	--
23.77	--	-3.17429	--
23.78	--	-3.21673	--
23.79	--	-3.24329	--
23.8	--	-3.25358	--
23.81	--	-3.24736	--
23.82	--	-3.22446	--
23.83	--	-3.18485	--
23.84	--	-3.1286	--
23.85	--	-3.05597	--
23.86	--	-2.96733	--
23.87	--	-2.86321	--
23.88	--	-2.74428	--
23.89	--	-2.61134	--
23.9	--	-2.46534	--
23.91	--	-2.30731	--
23.92	--	-2.1384	--
23.93	--	-1.95981	--
23.94	--	-1.77281	--
23.95	--	-1.57869	--
23.96	--	-1.37875	--
23.97	--	-1.17424	--
23.98	--	-0.96642	--
23.99	--	-0.75646	--
24	--	-0.54547	--
24.01	--	-0.33445	--
24.02	--	-0.12433	--
24.03	--	0.08406	--
24.04	--	0.29	--
24.05	--	0.49288	--
24.06	--	0.69214	--
24.07	--	0.88734	--
24.08	--	1.07809	--
24.09	--	1.26404	--
24.1	--	1.44489	--
24.11	--	1.62036	--
24.12	--	1.79017	--
24.13	--	1.95403	--
24.14	--	2.11163	--
24.15	--	2.26264	--
24.16	--	2.40666	--
24.17	--	2.5433	--
24.18	--	2.67207	--
24.19	--	2.7925	--
24.2	--	2.90406	--
24.21	--	3.00621	--
24.22	--	3.09842	--
24.23	--	3.18014	--
24.24	--	3.25088	--
24.25	--	3.31017	--
24.26	--	3.35762	--
24.27	--	3.39291	--
24.28	--	3.4158	--
24.29	--	3.42618	--
24.3	--	3.42402	--
24.31	--	3.40943	--
24.32	--	3.38264	--
24.33	--	3.34397	--
24.34	--	3.2939	--
24.35	--	3.23298	--
24.36	--	3.16186	--
24.37	--	3.08127	--
24.38	--	2.99202	--
24.39	--	2.89494	--
24.4	--	2.79091	--
24.41	--	2.6808	--
24.42	--	2.5655	--
24.43	--	2.44584	--
24.44	--	2.32264	--
24.45	--	2.19666	--
24.46	--	2.0686	--
24.47	--	1.93911	--
24.48	--	1.80876	--
24.49	--	1.67804	--
24.5	--	1.54741	--
24.51	--	1.41723	--
24.52	--	1.28784	--
24.53	--	1.15951	--
24.54	--	1.03251	--
24.55	--	0.90706	--
24.56	--	0.78337	--
24.57	--	0.66166	--
24.58	--	0.54214	--
24.59	--	0.42503	--
24.6	--	0.31059	--
24.61	--	0.19907	--
24.62	--	0.09075	--
24.63	--	-0.01407	--
24.64	--	-0.1151	--
24.65	--	-0.21201	--
24.66	--	-0.30452	--
24.67	--	-0.39231	--
24.68	--	-0.47515	--
24.69	--	-0.55278	--
24.7	--	-0.62503	--
24.71	--	-0.69176	--
24.72	--	-0.75291	--
24.73	--	-0.80849	--
24.74	--	-0.85856	--
24.75	--	-0.90329	--
24.76	--	-0.9429	--
24.77	--	-0.97769	--
24.78	--	-1.00803	--
24.79	--	-1.03436	--
24.8	--	-1.05716	--
24.81	--	-1.07694	--
24.82	--	-1.09425	--
24.83	--	-1.10965	--
24.84	--	-1.1237	--
24.85	--	-1.13694	--
24.86	--	-1.14989	--
24.87	--	-1.16303	--
24.88	--	-1.17679	--
24.89	--	-1.19154	--
24.9	--	-1.20759	--
24.91	--	-1.22518	--
24.92	--	-1.24448	--
24.93	--	-1.26559	--
24.94	--	-1.28855	--
24.95	--	-1.31332	--
24.96	--	-1.33982	--
24.97	--	-1.36789	--
24.98	--	-1.39736	--
24.99	--	-1.428	--
25	--	-1.45956	--
25.01	--	-1.49177	--
25.02	--	-1.52435	--
25.03	--	-1.55699	--
25.04	--	-1.58941	--
25.05	--	-1.62132	--
25.06	--	-1.65245	--
25.07	--	-1.6825	--
25.08	--	-1.71123	--
25.09	--	-1.73837	--
25.1	--	-1.76369	--
25.11	--	-1.78694	--
25.12	--	-1.80791	--
25.13	--	-1.82635	--
25.14	--	-1.84205	--
25.15	--	-1.85478	--
25.16	--	-1.86434	--
25.17	--	-1.87049	--
25.18	--	-1.87303	--
25.19	--	-1.87173	--
25.2	--	-1.86639	--
25.21	--	-1.85681	--
25.22	--	-1.8428	--
25.23	--	-1.82419	--
25.24	--	-1.80082	--
25.25	--	-1.77258	--
25.26	--	-1.73936	--
25.27	--	-1.70109	--
25.28	--	-1.65775	--
25.29	--	-1.60934	--
25.3	--	-1.5559	--
25.31	--	-1.49752	--
25.32	--	-1.43431	--
25.33	--	-1.36644	--
25.34	--	-1.29409	--
25.35	--	-1.21747	--
25.36	--	-1.13684	--
25.37	--	-1.05245	--
25.38	--	-0.96458	--
25.39	--	-0.87352	--
25.4	--	-0.77955	--
25.41	--	-0.68297	--
25.42	--	-0.58408	--
25.43	--	-0.48314	--
25.44	--	-0.38045	--
25.45	--	-0.27628	--
25.46	--	-0.17087	--
25.47	--	-0.0645	--
25.48	--	0.04258	--
25.49	--	0.15012	--
25.5	--	0.25786	--
25.51	--	0.36553	--
25.52	--	0.47286	--
25.53	--	0.57953	--
25.54	--	0.68525	--
25.55	--	0.78966	--
25.56	--	0.89241	--
25.57	--	0.9931	--
25.58	--	1.09132	--
25.59	--	1.18664	--
25.6	--	1.27859	--
25.61	--	1.3667	--
25.62	--	1.4505	--
25.63	--	1.5295	--
25.64	--	1.60323	--
25.65	--	1.67122	--
25.66	--	1.73302	--
25.67	--	1.78823	--
25.68	--	1.83647	--
25.69	--	1.87741	--
25.7	--	1.91077	--
25.71	--	1.93633	--
25.72	--	1.95392	--
25.73	--	1.96344	--
25.74	--	1.96484	--
25.75	--	1.95814	--
25.76	--	1.94342	--
25.77	--	1.92079	--
25.78	--	1.89043	--
25.79	--	1.85254	--
25.8	--	1.80738	--
25.81	--	1.75522	--
25.82	--	1.69635	--
25.83	--	1.63106	--
25.84	--	1.55967	--
25.85	--	1.48248	--
25.86	--	1.39981	--
25.87	--	1.31193	--
25.88	--	1.21914	--
25.89	--	1.1217	--
25.9	--	1.01989	--
25.91	--	0.91394	--
25.92	--	0.80412	--
25.93	--	0.69064	--
25.94	--	0.57377	--
25.95	--	0.45373	--
25.96	--	0.33078	--
25.97	--	0.20519	--
25.98	--	0.07723	--
25.99	--	-0.05281	--
26	--	-0.18462	--
26.01	--	-0.31785	--
26.02	--	-0.45217	--
26.03	--	-0.58721	--
26.04	--	-0.72258	--
26.05	--	-0.8579	--
26.06	--	-0.99276	--
26.07	--	-1.12677	--
26.08	--	-1.25952	--
26.09	--	-1.39062	--
26.1	--	-1.5197	--
26.11	--	-1.64639	--
26.12	--	-1.77035	--
26.13	--	-1.89125	--
26.14	--	-2.00879	--
26.15	--	-2.12271	--
26.16	--	-2.23274	--
26.17	--	-2.33865	--
26.18	--	-2.44022	--
26.19	--	-2.53724	--
26.2	--	-2.62952	--
26.21	--	-2.71686	--
26.22	--	-2.79906	--
26.23	--	-2.87591	--
26.24	--	-2.9472	--
26.25	--	-3.0127	--
26.26	--	-3.07216	--
26.27	--	-3.12531	--
26.28	--	-3.17186	--
26.29	--	-3.21153	--
26.3	--	-3.24399	--
26.31	--	-3.26893	--
26.32	--	-3.28604	--
26.33	--	-3.29501	--
26.34	--	-3.29557	--
26.35	--	-3.28744	--
26.36	--	-3.27042	--
26.37	--	-3.24432	--
26.38	--	-3.20904	--
26.39	--	-3.16452	--
26.4	--	-3.11079	--
26.41	--	-3.04793	--
26.42	--	-2.97614	--
26.43	--	-2.89565	--
26.44	--	-2.80681	--
26.45	--	-2.71001	--
26.46	--	-2.60575	--
26.47	--	-2.49455	--
26.48	--	-2.37701	--
26.49	--	-2.25375	--
26.5	--	-2.12542	--
26.51	--	-1.99271	--
26.52	--	-1.85627	--
26.53	--	-1.71678	--
26.54	--	-1.57489	--
26.55	--	-1.43119	--
26.56	--	-1.28627	--
26.57	--	-1.14066	--
26.58	--	-0.99482	--
26.59	--	-0.84919	--
26.6	--	-0.70415	--
26.61	--	-0.56001	--
26.62	--	-0.41706	--
26.63	--	-0.27554	--
26.64	--	-0.13566	--
26.65	--	0.00236	--
26.66	--	0.13837	--
26.67	--	0.27215	--
26.68	--	0.40353	--
26.69	--	0.5323	--
26.7	--	0.65821	--
26.71	--	0.78099	--
26.72	--	0.90036	--
26.73	--	1.01596	--
26.74	--	1.12742	--
26.75	--	1.23435	--
26.76	--	1.33631	--
26.77	--	1.43285	--
26.78	--	1.52352	--
26.79	--	1.60785	--
26.8	--	1.68541	--
26.81	--	1.75578	--
26.82	--	1.81859	--
26.83	--	1.87351	--
26.84	--	1.92029	--
26.85	--	1.95873	--
26.86	--	1.98873	--
26.87	--	2.01028	--
26.88	--	2.02343	--
26.89	--	2.02836	--
26.9	--	2.02532	--
26.91	--	2.01465	--
26.92	--	1.99676	--
26.93	--	1.97214	--
26.94	--	1.94134	--
26.95	--	1.90496	--
26.96	--	1.86362	--
26.97	--	1.81798	--
26.98	--	1.76869	--
26.99	--	1.71642	--
27	--	1.66178	--
27.01	--	1.6054	--
27.02	--	1.54783	--
27.03	--	1.48961	--
27.04	--	1.43121	--
27.05	--	1.37304	--
27.06	--	1.31549	--
27.07	--	1.25885	--
27.08	--	1.20341	--
27.09	--	1.14938	--
27.1	--	1.09695	--
27.11	--	1.04627	--
27.12	--	0.99747	--
27.13	--	0.95068	--
27.14	--	0.90601	--
27.15	--	0.86355	--
27.16	--	0.82343	--
27.17	--	0.78578	--
27.18	--	0.75073	--
27.19	--	0.71843	--
27.2	--	0.68906	--
27.21	--	0.6628	--
27.22	--	0.63983	--
27.23	--	0.62035	--
27.24	--	0.60454	--
27.25	--	0.59259	--
27.26	--	0.58466	--
27.27	--	0.58089	--
27.28	--	0.58139	--
27.29	--	0.58621	--
27.3	--	0.59538	--
27.31	--	0.60886	--
27.32	--	0.62656	--
27.33	--	0.64834	--
27.34	--	0.67399	--
27.35	--	0.70325	--
27.36	--	0.73581	--
27.37	--	0.77131	--
27.38	--	0.80935	--
27.39	--	0.84948	--
27.4	--	0.89126	--
27.41	--	0.93419	--
27.42	--	0.9778	--
27.43	--	1.02162	--
27.44	--	1.06516	--
27.45	--	1.10801	--
27.46	--	1.14973	--
27.47	--	1.18997	--
27.48	--	1.22838	--
27.49	--	1.26469	--
27.5	--	1.29865	--
27.51	--	1.33009	--
27.52	--	1.35887	--
27.53	--	1.38489	--
27.54	--	1.40811	--
27.55	--	1.42852	--
27.56	--	1.44614	--
27.57	--	1.46102	--
27.58	--	1.47323	--
27.59	--	1.48283	--
27.6	--	1.48993	--
27.61	--	1.49459	--
27.62	--	1.49689	--
27.63	--	1.49689	--
27.64	--	1.49464	--
27.65	--	1.49017	--
27.66	--	1.48347	--
27.67	--	1.47454	--
27.68	--	1.46334	--
27.69	--	1.44981	--
27.7	--	1.43388	--
27.71	--	1.41545	--
27.72	--	1.39443	--
27.73	--	1.37072	--
27.74	--	1.34421	--
27.75	--	1.31481	--
27.76	--	1.28241	--
27.77	--	1.24694	--
27.78	--	1.20834	--
27.79	--	1.16656	--
27.8	--	1.12159	--
27.81	--	1.07345	--
27.82	--	1.02216	--
27.83	--	0.9678	--
27.84	--	0.91047	--
27.85	--	0.85029	--
27.86	--	0.78744	--
27.87	--	0.72209	--
27.88	--	0.65445	--
27.89	--	0.58477	--
27.9	--	0.51331	--
27.91	--	0.44034	--
27.92	--	0.36616	--
27.93	--	0.29108	--
27.94	--	0.2154	--
27.95	--	0.13945	--
27.96	--	0.06356	--
27.97	--	-0.01194	--
27.98	--	-0.08673	--
27.99	--	-0.1605	--
28	--	-0.23292	--
28.01	--	-0.30369	--
28.02	--	-0.37251	--
28.03	--	-0.43911	--
28.04	--	-0.50321	--
28.05	--	-0.56456	--
28.06	--	-0.62291	--
28.07	--	-0.67805	--
28.08	--	-0.72976	--
28.09	--	-0.77786	--
28.1	--	-0.82218	--
28.11	--	-0.86257	--
28.12	--	-0.89889	--
28.13	--	-0.93103	--
28.14	--	-0.9589	--
28.15	--	-0.98242	--
28.16	--	-1.00155	--
28.17	--	-1.01626	--
28.18	--	-1.02653	--
28.19	--	-1.03239	--
28.2	--	-1.03386	--
28.21	--	-1.03101	--
28.22	--	-1.02393	--
28.23	--	-1.01273	--
28.24	--	-0.99754	--
28.25	--	-0.97852	--
28.26	--	-0.95586	--
28.27	--	-0.92978	--
28.28	--	-0.9005	--
28.29	--	-0.8683	--
28.3	--	-0.83346	--
28.31	--	-0.79629	--
28.32	--	-0.75712	--
28.33	--	-0.7163	--
28.34	--	-0.67418	--
28.35	--	-0.63114	--
28.36	--	-0.58756	--
28.37	--	-0.54383	--
28.38	--	-0.50032	--
28.39	--	-0.45741	--
28.4	--	-0.41547	--
28.41	--	-0.37484	--
28.42	--	-0.33585	--
28.43	--	-0.2988	--
28.44	--	-0.26396	--
28.45	--	-0.23156	--
28.46	--	-0.20179	--
28.47	--	-0.17481	--
28.48	--	-0.15074	--
28.49	--	-0.12963	--
28.5	--	-0.11152	--
28.51	--	-0.09638	--
28.52	--	-0.08417	--
28.53	--	-0.07478	--
28.54	--	-0.06808	--
28.55	--	-0.06392	--
28.56	--	-0.06211	--
28.57	--	-0.06244	--
28.58	--	-0.06471	--
28.59	--	-0.06868	--
28.6	--	-0.07413	--
28.61	--	-0.08083	--
28.62	--	-0.08855	--
28.63	--	-0.09708	--
28.64	--	-0.10623	--
28.65	--	-0.11581	--
28.66	--	-0.12564	--
28.67	--	-0.13558	--
28.68	--	-0.14549	--
28.69	--	-0.15524	--
28.7	--	-0.16472	--
28.71	--	-0.17382	--
28.72	--	-0.18245	--
28.73	--	-0.19051	--
28.74	--	-0.19791	--
28.75	--	-0.20455	--
28.76	--	-0.21033	--
28.77	--	-0.21514	--
28.78	--	-0.21888	--
28.79	--	-0.22141	--
28.8	--	-0.22261	--
28.81	--	-0.22235	--
28.82	--	-0.22051	--
28.83	--	-0.21696	--
28.84	--	-0.21158	--
28.85	--	-0.20427	--
28.86	--	-0.19494	--
28.87	--	-0.18355	--
28.88	--	-0.17007	--
28.89	--	-0.1545	--
28.9	--	-0.13692	--
28.91	--	-0.1174	--
28.92	--	-0.09611	--
28.93	--	-0.07324	--
28.94	--	-0.04903	--
28.95	--	-0.02379	--
28.96	--	0.00216	--
28.97	--	0.02844	--
28.98	--	0.05463	--
28.99	--	0.0803	--
29	--	0.105	--
29.01	--	0.12826	--
29.02	--	0.14963	--
29.03	--	0.16866	--
29.04	--	0.18493	--
29.05	--	0.19805	--
29.06	--	0.20766	--
29.07	--	0.21345	--
29.08	--	0.21517	--
29.09	--	0.21264	--
29.1	--	0.20571	--
29.11	--	0.19432	--
29.12	--	0.17846	--
29.13	--	0.15818	--
29.14	--	0.1336	--
29.15	--	0.10487	--
29.16	--	0.07222	--
29.17	--	0.03589	--
29.18	--	-0.00384	--
29.19	--	-0.04665	--
29.2	--	-0.0922	--
29.21	--	-0.14015	--
29.22	--	-0.19015	--
29.23	--	-0.24182	--
29.24	--	-0.29481	--
29.25	--	-0.34875	--
29.26	--	-0.4033	--
29.27	--	-0.45809	--
29.28	--	-0.51276	--
29.29	--	-0.56697	--
29.3	--	-0.62036	--
29.31	--	-0.67256	--
29.32	--	-0.7232	--
29.33	--	-0.77189	--
29.34	--	-0.81825	--
29.35	--	-0.86185	--
29.36	--	-0.90226	--
29.37	--	-0.93904	--
29.38	--	-0.97173	--
29.39	--	-0.99987	--
29.4	--	-1.02298	--
29.41	--	-1.0406	--
29.42	--	-1.05227	--
29.43	--	-1.05756	--
29.44	--	-1.05607	--
29.45	--	-1.04742	--
29.46	--	-1.03132	--
29.47	--	-1.00752	--
29.48	--	-0.97584	--
29.49	--	-0.93619	--
29.5	--	-0.88857	--
29.51	--	-0.83306	--
29.52	--	-0.76986	--
29.53	--	-0.69926	--
29.54	--	-0.62165	--
29.55	--	-0.5375	--
29.56	--	-0.4474	--
29.57	--	-0.352	--
29.58	--	-0.25203	--
29.59	--	-0.14829	--
29.6	--	-0.04161	--
29.61	--	0.06712	--
29.62	--	0.17699	--
29.63	--	0.28709	--
29.64	--	0.39652	--
29.65	--	0.50437	--
29.66	--	0.60977	--
29.67	--	0.71189	--
29.68	--	0.80994	--
29.69	--	0.90316	--
29.7	--	0.99086	--
29.71	--	1.07241	--
29.72	--	1.14722	--
29.73	--	1.21476	--
29.74	--	1.27453	--
29.75	--	1.32611	--
29.76	--	1.36909	--
29.77	--	1.40311	--
29.78	--	1.42784	--
29.79	--	1.44298	--
29.8	--	1.44825	--
29.81	--	1.4434	--
29.82	--	1.4282	--
29.83	--	1.40242	--
29.84	--	1.36591	--
29.85	--	1.31849	--
29.86	--	1.26005	--
29.87	--	1.19052	--
29.88	--	1.10988	--
29.89	--	1.01815	--
29.9	--	0.91545	--
29.91	--	0.80194	--
29.92	--	0.6779	--
29.93	--	0.54369	--
29.94	--	0.39974	--
29.95	--	0.24661	--
29.96	--	0.08495	--
29.97	--	-0.08449	--
29.98	--	-0.26085	--
29.99	--	-0.44321	--
30	--	-0.63053	--
30.01	--	-0.82174	--
30.02	--	-1.01567	--
30.03	--	-1.21113	--
30.04	--	-1.4069	--
30.05	--	-1.60175	--
30.06	--	-1.79443	--
30.07	--	-1.98374	--
30.08	--	-2.1685	--
30.09	--	-2.34758	--
30.1	--	-2.51994	--
30.11	--	-2.68457	--
30.12	--	-2.84058	--
30.13	--	-2.98716	--
30.14	--	-3.12359	--
30.15	--	-3.24924	--
30.16	--	-3.36358	--
30.17	--	-3.46617	--
30.18	--	-3.55666	--
30.19	--	-3.63477	--
30.2	--	-3.70029	--
30.21	--	-3.7531	--
30.22	--	-3.79309	--
30.23	--	-3.82022	--
30.24	--	-3.83449	--
30.25	--	-3.83593	--
30.26	--	-3.82458	--
30.27	--	-3.80052	--
30.28	--	-3.76384	--
30.29	--	-3.71466	--
30.3	--	-3.6531	--
30.31	--	-3.57931	--
30.32	--	-3.49349	--
30.33	--	-3.39584	--
30.34	--	-3.28662	--
30.35	--	-3.16612	--
30.36	--	-3.03469	--
30.37	--	-2.89274	--
30.38	--	-2.74074	--
30.39	--	-2.57922	--
30.4	--	-2.40877	--
30.41	--	-2.23008	--
30.42	--	-2.04387	--
30.43	--	-1.85094	--
30.44	--	-1.65215	--
30.45	--	-1.4484	--
30.46	--	-1.24063	--
30.47	--	-1.02983	--
30.48	--	-0.81699	--
30.49	--	-0.60309	--
30.5	--	-0.38913	--
30.51	--	-0.17608	--
30.52	--	0.03513	--
30.53	--	0.24361	--
30.54	--	0.44853	--
30.55	--	0.64912	--
30.56	--	0.84467	--
30.57	--	1.03457	--
30.58	--	1.21828	--
30.59	--	1.39531	--
30.6	--	1.56528	--
30.61	--	1.72786	--
30.62	--	1.88282	--
30.63	--	2.02994	--
30.64	--	2.1691	--
30.65	--	2.30019	--
30.66	--	2.42316	--
30.67	--	2.53797	--
30.68	--	2.64461	--
30.69	--	2.74308	--
30.7	--	2.83338	--
30.71	--	2.91551	--
30.72	--	2.98947	--
30.73	--	3.05526	--
30.74	--	3.11288	--
30.75	--	3.16231	--
30.76	--	3.20354	--
30.77	--	3.23656	--
30.78	--	3.26136	--
30.79	--	3.27796	--
30.8	--	3.28638	--
30.81	--	3.28668	--
30.82	--	3.27893	--
30.83	--	3.26325	--
30.84	--	3.23978	--
30.85	--	3.20872	--
30.86	--	3.17029	--
30.87	--	3.12476	--
30.88	--	3.07245	--
30.89	--	3.0137	--
30.9	--	2.9489	--
30.91	--	2.87848	--
30.92	--	2.80286	--
30.93	--	2.72252	--
30.94	--	2.63793	--
30.95	--	2.54958	--
30.96	--	2.45797	--
30.97	--	2.36358	--
30.98	--	2.2669	--
30.99	--	2.1684	--
31	--	2.06855	--
31.01	--	1.96778	--
31.02	--	1.86652	--
31.03	--	1.76519	--
31.04	--	1.66418	--
31.05	--	1.56386	--
31.06	--	1.46459	--
31.07	--	1.36673	--
31.08	--	1.27061	--
31.09	--	1.17656	--
31.1	--	1.0849	--
31.11	--	0.99593	--
31.12	--	0.90996	--
31.13	--	0.82728	--
31.14	--	0.74818	--
31.15	--	0.67293	--
31.16	--	0.60179	--
31.17	--	0.53499	--
31.18	--	0.47275	--
31.19	--	0.41527	--
31.2	--	0.3627	--
31.21	--	0.31517	--
31.22	--	0.27276	--
31.23	--	0.23553	--
31.24	--	0.20347	--
31.25	--	0.17654	--
31.26	--	0.15464	--
31.27	--	0.13764	--
31.28	--	0.12535	--
31.29	--	0.11755	--
31.3	--	0.11397	--
31.31	--	0.11431	--
31.32	--	0.11826	--
31.33	--	0.12546	--
31.34	--	0.13555	--
31.35	--	0.14816	--
31.36	--	0.16293	--
31.37	--	0.17947	--
31.38	--	0.19744	--
31.39	--	0.21648	--
31.4	--	0.23627	--
31.41	--	0.2565	--
31.42	--	0.27687	--
31.43	--	0.29712	--
31.44	--	0.31701	--
31.45	--	0.33629	--
31.46	--	0.35477	--
31.47	--	0.37223	--
31.48	--	0.38848	--
31.49	--	0.40333	--
31.5	--	0.41658	--
31.51	--	0.42806	--
31.52	--	0.43755	--
31.53	--	0.44486	--
31.54	--	0.44977	--
31.55	--	0.45206	--
31.56	--	0.45151	--
31.57	--	0.44789	--
31.58	--	0.44098	--
31.59	--	0.43055	--
31.6	--	0.41641	--
31.61	--	0.39835	--
31.62	--	0.37622	--
31.63	--	0.34988	--
31.64	--	0.31924	--
31.65	--	0.28425	--
31.66	--	0.24491	--
31.67	--	0.20128	--
31.68	--	0.15344	--
31.69	--	0.10158	--
31.7	--	0.0459	--
31.71	--	-0.01332	--
31.72	--	-0.07577	--
31.73	--	-0.14109	--
31.74	--	-0.20888	--
31.75	--	-0.27871	--
31.76	--	-0.35015	--
31.77	--	-0.42273	--
31.78	--	-0.496	--
31.79	--	-0.56952	--
31.8	--	-0.64285	--
31.81	--	-0.71559	--
31.82	--	-0.78737	--
31.83	--	-0.85783	--
31.84	--	-0.9267	--
31.85	--	-0.99371	--
31.86	--	-1.05865	--
31.87	--	-1.12135	--
31.88	--	-1.18167	--
31.89	--	-1.23953	--
31.9	--	-1.29485	--
31.91	--	-1.34759	--
31.92	--	-1.39773	--
31.93	--	-1.44524	--
31.94	--	-1.49011	--
31.95	--	-1.53233	--
31.96	--	-1.57187	--
31.97	--	-1.60869	--
31.98	--	-1.64274	--
31.99	--	-1.67392	--
32	--	-1.70215	--
32.01	--	-1.72731	--
32.02	--	-1.74926	--
32.03	--	-1.76783	--
32.04	--	-1.78287	--
32.05	--	-1.7942	--
32.06	--	-1.80164	--
32.07	--	-1.80501	--
32.08	--	-1.80416	--
32.09	--	-1.79893	--
32.1	--	-1.7892	--
32.11	--	-1.77484	--
32.12	--	-1.75578	--
32.13	--	-1.73198	--
32.14	--	-1.70339	--
32.15	--	-1.67004	--
32.16	--	-1.63195	--
32.17	--	-1.58918	--
32.18	--	-1.54181	--
32.19	--	-1.48995	--
32.2	--	-1.43369	--
32.21	--	-1.37317	--
32.22	--	-1.3085	--
32.23	--	-1.23981	--
32.24	--	-1.16723	--
32.25	--	-1.09085	--
32.26	--	-1.0108	--
32.27	--	-0.92716	--
32.28	--	-0.84002	--
32.29	--	-0.74946	--
32.3	--	-0.65556	--
32.31	--	-0.55839	--
32.32	--	-0.45803	--
32.33	--	-0.35457	--
32.34	--	-0.24812	--
32.35	--	-0.13881	--
32.36	--	-0.02678	--
32.37	--	0.08775	--
32.38	--	0.20458	--
32.39	--	0.32341	--
32.4	--	0.44393	--
32.41	--	0.56577	--
32.42	--	0.68851	--
32.43	--	0.81169	--
32.44	--	0.93479	--
32.45	--	1.05727	--
32.46	--	1.17853	--
32.47	--	1.29798	--
32.48	--	1.41496	--
32.49	--	1.52882	--
32.5	--	1.63893	--
32.51	--	1.74463	--
32.52	--	1.84527	--
32.53	--	1.94025	--
32.54	--	2.02898	--
32.55	--	2.11091	--
32.56	--	2.18552	--
32.57	--	2.25236	--
32.58	--	2.311	--
32.59	--	2.3611	--
32.6	--	2.40232	--
32.61	--	2.43444	--
32.62	--	2.45724	--
32.63	--	2.47059	--
32.64	--	2.47439	--
32.65	--	2.46861	--
32.66	--	2.45325	--
32.67	--	2.42839	--
32.68	--	2.39412	--
32.69	--	2.35061	--
32.7	--	2.29807	--
32.71	--	2.23674	--
32.72	--	2.16692	--
32.73	--	2.08896	--
32.74	--	2.00325	--
32.75	--	1.91025	--
32.76	--	1.81045	--
32.77	--	1.70438	--
32.78	--	1.59266	--
32.79	--	1.47593	--
32.8	--	1.35488	--
32.81	--	1.23024	--
32.82	--	1.1028	--
32.83	--	0.97338	--
32.84	--	0.84281	--
32.85	--	0.71195	--
32.86	--	0.58168	--
32.87	--	0.45288	--
32.88	--	0.32642	--
32.89	--	0.20313	--
32.9	--	0.08384	--
32.91	--	-0.03067	--
32.92	--	-0.13968	--
32.93	--	-0.24253	--
32.94	--	-0.33863	--
32.95	--	-0.42746	--
32.96	--	-0.5086	--
32.97	--	-0.5817	--
32.98	--	-0.64651	--
32.99	--	-0.70286	--
33	--	-0.7507	--
33.01	--	-0.79002	--
33.02	--	-0.82093	--
33.03	--	-0.84359	--
33.04	--	-0.85826	--
33.05	--	-0.86524	--
33.06	--	-0.86487	--
33.07	--	-0.85758	--
33.08	--	-0.84378	--
33.09	--	-0.82397	--
33.1	--	-0.79862	--
33.11	--	-0.76826	--
33.12	--	-0.7334	--
33.13	--	-0.69457	--
33.14	--	-0.65232	--
33.15	--	-0.60718	--
33.16	--	-0.55969	--
33.17	--	-0.51042	--
33.18	--	-0.4599	--
33.19	--	-0.4087	--
33.2	--	-0.35739	--
33.21	--	-0.30654	--
33.22	--	-0.25672	--
33.23	--	-0.20854	--
33.24	--	-0.16258	--
33.25	--	-0.11945	--
33.26	--	-0.07974	--
33.27	--	-0.04406	--
33.28	--	-0.01298	--
33.29	--	0.01292	--
33.3	--	0.0331	--
33.31	--	0.04706	--
33.32	--	0.05433	--
33.33	--	0.0545	--
33.34	--	0.04722	--
33.35	--	0.03222	--
33.36	--	0.0093	--
33.37	--	-0.02166	--
33.38	--	-0.06069	--
33.39	--	-0.10772	--
33.4	--	-0.16259	--
33.41	--	-0.22506	--
33.42	--	-0.29479	--
33.43	--	-0.37138	--
33.44	--	-0.45432	--
33.45	--	-0.54309	--
33.46	--	-0.63706	--
33.47	--	-0.73559	--
33.48	--	-0.83801	--
33.49	--	-0.94363	--
33.5	--	-1.05174	--
33.51	--	-1.16166	--
33.52	--	-1.27272	--
33.53	--	-1.38426	--
33.54	--	-1.49567	--
33.55	--	-1.60637	--
33.56	--	-1.71582	--
33.57	--	-1.82354	--
33.58	--	-1.92907	--
33.59	--	-2.032	--
33.6	--	-2.13195	--
33.61	--	-2.22858	--
33.62	--	-2.32157	--
33.63	--	-2.4106	--
33.64	--	-2.49538	--
33.65	--	-2.57562	--
33.66	--	-2.65101	--
33.67	--	-2.72125	--
33.68	--	-2.78601	--
33.69	--	-2.84495	--
33.7	--	-2.89773	--
33.71	--	-2.94398	--
33.72	--	-2.98332	--
33.73	--	-3.01536	--
33.74	--	-3.03972	--
33.75	--	-3.05604	--
33.76	--	-3.06395	--
33.77	--	-3.06314	--
33.78	--	-3.05333	--
33.79	--	-3.03426	--
33.8	--	-3.00578	--
33.81	--	-2.96777	--
33.82	--	-2.92019	--
33.83	--	-2.86309	--
33.84	--	-2.79658	--
33.85	--	-2.72089	--
33.86	--	-2.63629	--
33.87	--	-2.54316	--
33.88	--	-2.44193	--
33.89	--	-2.33312	--
33.9	--	-2.21727	--
33.91	--	-2.095	--
33.92	--	-1.96695	--
33.93	--	-1.83377	--
33.94	--	-1.69615	--
33.95	--	-1.55475	--
33.96	--	-1.41023	--
33.97	--	-1.26322	--
33.98	--	-1.11434	--
33.99	--	-0.96414	--
34	--	-0.81317	--
34.01	--	-0.6619	--
34.02	--	-0.51077	--
34.03	--	-0.36018	--
34.04	--	-0.2105	--
34.05	--	-0.06203	--
34.06	--	0.08491	--
34.07	--	0.23007	--
34.08	--	0.37319	--
34.09	--	0.51401	--
34.1	--	0.6523	--
34.11	--	0.78779	--
34.12	--	0.92024	--
34.13	--	1.04936	--
34.14	--	1.17487	--
34.15	--	1.29645	--
34.16	--	1.41378	--
34.17	--	1.52653	--
34.18	--	1.63433	--
34.19	--	1.73684	--
34.2	--	1.83369	--
34.21	--	1.92454	--
34.22	--	2.00905	--
34.23	--	2.08691	--
34.24	--	2.15783	--
34.25	--	2.22156	--
34.26	--	2.27788	--
34.27	--	2.32664	--
34.28	--	2.36772	--
34.29	--	2.40104	--
34.3	--	2.4266	--
34.31	--	2.44442	--
34.32	--	2.45459	--
34.33	--	2.45724	--
34.34	--	2.45251	--
34.35	--	2.44062	--
34.36	--	2.42177	--
34.37	--	2.39623	--
34.38	--	2.36424	--
34.39	--	2.32607	--
34.4	--	2.28199	--
34.41	--	2.23228	--
34.42	--	2.17721	--
34.43	--	2.11705	--
34.44	--	2.05204	--
34.45	--	1.98245	--
34.46	--	1.90854	--
34.47	--	1.83055	--
34.48	--	1.74874	--
34.49	--	1.66338	--
34.5	--	1.57475	--
34.51	--	1.48314	--
34.52	--	1.38888	--
34.53	--	1.29232	--
34.54	--	1.19384	--
34.55	--	1.09383	--
34.56	--	0.99275	--
34.57	--	0.89106	--
34.58	--	0.78928	--
34.59	--	0.68793	--
34.6	--	0.58756	--
34.61	--	0.48875	--
34.62	--	0.39207	--
34.63	--	0.2981	--
34.64	--	0.20741	--
34.65	--	0.12056	--
34.66	--	0.03809	--
34.67	--	-0.03952	--
34.68	--	-0.11179	--
34.69	--	-0.17832	--
34.7	--	-0.23874	--
34.71	--	-0.29274	--
34.72	--	-0.34008	--
34.73	--	-0.38055	--
34.74	--	-0.41404	--
34.75	--	-0.44045	--
34.76	--	-0.45977	--
34.77	--	-0.47202	--
34.78	--	-0.47727	--
34.79	--	-0.47564	--
34.8	--	-0.46726	--
34.81	--	-0.45232	--
34.82	--	-0.431	--
34.83	--	-0.40354	--
34.84	--	-0.37015	--
34.85	--	-0.3311	--
34.86	--	-0.28663	--
34.87	--	-0.23703	--
34.88	--	-0.18257	--
34.89	--	-0.12357	--
34.9	--	-0.06032	--
34.91	--	0.00682	--
34.92	--	0.0775	--
34.93	--	0.15132	--
34.94	--	0.22785	--
34.95	--	0.30665	--
34.96	--	0.38721	--
34.97	--	0.469	--
34.98	--	0.55142	--
34.99	--	0.63387	--
35	--	0.71568	--
35.01	--	0.79617	--
35.02	--	0.87461	--
35.03	--	0.95027	--
35.04	--	1.02239	--
35.05	--	1.09021	--
35.06	--	1.15299	--
35.07	--	1.20999	--
35.08	--	1.26052	--
35.09	--	1.30391	--
35.1	--	1.33956	--
35.11	--	1.36693	--
35.12	--	1.38554	--
35.13	--	1.39501	--
35.14	--	1.39503	--
35.15	--	1.3854	--
35.16	--	1.366	--
35.17	--	1.33682	--
35.18	--	1.29793	--
35.19	--	1.24953	--
35.2	--	1.19186	--
35.21	--	1.1253	--
35.22	--	1.05027	--
35.23	--	0.96728	--
35.24	--	0.87691	--
35.25	--	0.77978	--
35.26	--	0.67657	--
35.27	--	0.56799	--
35.28	--	0.4548	--
35.29	--	0.33775	--
35.3	--	0.21763	--
35.31	--	0.09524	--
35.32	--	-0.02864	--
35.33	--	-0.1532	--
35.34	--	-0.27768	--
35.35	--	-0.40128	--
35.36	--	-0.52325	--
35.37	--	-0.64284	--
35.38	--	-0.75934	--
35.39	--	-0.87203	--
35.4	--	-0.98023	--
35.41	--	-1.0833	--
35.42	--	-1.18059	--
35.43	--	-1.27152	--
35.44	--	-1.35553	--
35.45	--	-1.43208	--
35.46	--	-1.50071	--
35.47	--	-1.56096	--
35.48	--	-1.61245	--
35.49	--	-1.65484	--
35.5	--	-1.68785	--
35.51	--	-1.71126	--
35.52	--	-1.72492	--
35.53	--	-1.72873	--
35.54	--	-1.72266	--
35.55	--	-1.70678	--
35.56	--	-1.68118	--
35.57	--	-1.64606	--
35.58	--	-1.60166	--
35.59	--	-1.5483	--
35.6	--	-1.48635	--
35.61	--	-1.41626	--
35.62	--	-1.33849	--
35.63	--	-1.25358	--
35.64	--	-1.16211	--
35.65	--	-1.06467	--
35.66	--	-0.9619	--
35.67	--	-0.85445	--
35.68	--	-0.74299	--
35.69	--	-0.62821	--
35.7	--	-0.51077	--
35.71	--	-0.39136	--
35.72	--	-0.27067	--
35.73	--	-0.14935	--
35.74	--	-0.02806	--
35.75	--	0.09255	--
35.76	--	0.21187	--
35.77	--	0.32928	--
35.78	--	0.44422	--
35.79	--	0.55611	--
35.8	--	0.66443	--
35.81	--	0.76867	--
35.82	--	0.86835	--
35.83	--	0.96302	--
35.84	--	1.05228	--
35.85	--	1.13575	--
35.86	--	1.21307	--
35.87	--	1.28397	--
35.88	--	1.34818	--
35.89	--	1.4055	--
35.9	--	1.45576	--
35.91	--	1.49886	--
35.92	--	1.53474	--
35.93	--	1.56339	--
35.94	--	1.58487	--
35.95	--	1.59927	--
35.96	--	1.60674	--
35.97	--	1.60747	--
35.98	--	1.60171	--
35.99	--	1.58973	--
36	--	1.57185	--
36.01	--	1.5484	--
36.02	--	1.51975	--
36.03	--	1.48628	--
36.04	--	1.44836	--
36.05	--	1.40639	--
36.06	--	1.36076	--
36.07	--	1.31185	--
36.08	--	1.26001	--
36.09	--	1.2056	--
36.1	--	1.14895	--
36.11	--	1.09037	--
36.12	--	1.03014	--
36.13	--	0.96855	--
36.14	--	0.90585	--
36.15	--	0.84227	--
36.16	--	0.77805	--
36.17	--	0.71341	--
36.18	--	0.64857	--
36.19	--	0.58375	--
36.2	--	0.51919	--
36.21	--	0.45511	--
36.22	--	0.39177	--
36.23	--	0.32943	--
36.24	--	0.26837	--
36.25	--	0.20886	--
36.26	--	0.15121	--
36.27	--	0.09573	--
36.28	--	0.04272	--
36.29	--	-0.00752	--
36.3	--	-0.05468	--
36.31	--	-0.0985	--
36.32	--	-0.13871	--
36.33	--	-0.17508	--
36.34	--	-0.20744	--
36.35	--	-0.23563	--
36.36	--	-0.25956	--
36.37	--	-0.2792	--
36.38	--	-0.29454	--
36.39	--	-0.30567	--
36.4	--	-0.3127	--
36.41	--	-0.31582	--
36.42	--	-0.31524	--
36.43	--	-0.31124	--
36.44	--	-0.30413	--
36.45	--	-0.29423	--
36.46	--	-0.2819	--
36.47	--	-0.2675	--
36.48	--	-0.25139	--
36.49	--	-0.23391	--
36.5	--	-0.2154	--
36.51	--	-0.19617	--
36.52	--	-0.17648	--
36.53	--	-0.15659	--
36.54	--	-0.13668	--
36.55	--	-0.11691	--
36.56	--	-0.09742	--
36.57	--	-0.07827	--
36.58	--	-0.05953	--
36.59	--	-0.04123	--
36.6	--	-0.02337	--
36.61	--	-0.00596	--
36.62	--	0.011	--
36.63	--	0.02751	--
36.64	--	0.04353	--
36.65	--	0.05901	--
36.66	--	0.07388	--
36.67	--	0.08802	--
36.68	--	0.10127	--
36.69	--	0.11344	--
36.7	--	0.1243	--
36.71	--	0.13359	--
36.72	--	0.14099	--
36.73	--	0.14618	--
36.74	--	0.14883	--
36.75	--	0.14859	--
36.76	--	0.14511	--
36.77	--	0.13808	--
36.78	--	0.12718	--
36.79	--	0.11215	--
36.8	--	0.09279	--
36.81	--	0.06891	--
36.82	--	0.04043	--
36.83	--	0.0073	--
36.84	--	-0.03044	--
36.85	--	-0.07268	--
36.86	--	-0.11926	--
36.87	--	-0.16994	--
36.88	--	-0.22443	--
36.89	--	-0.28238	--
36.9	--	-0.3434	--
36.91	--	-0.40709	--
36.92	--	-0.47299	--
36.93	--	-0.54067	--
36.94	--	-0.60968	--
36.95	--	-0.67959	--
36.96	--	-0.74997	--
36.97	--	-0.82043	--
36.98	--	-0.89063	--
36.99	--	-0.96023	--
37	--	-1.02896	--
37.01	--	-1.09656	--
37.02	--	-1.16282	--
37.03	--	-1.22757	--
37.04	--	-1.29064	--
37.05	--	-1.35189	--
37.06	--	-1.4112	--
37.07	--	-1.46843	--
37.08	--	-1.52344	--
37.09	--	-1.57611	--
37.1	--	-1.62625	--
37.11	--	-1.67368	--
37.12	--	-1.71818	--
37.13	--	-1.7595	--
37.14	--	-1.79736	--
37.15	--	-1.83146	--
37.16	--	-1.86146	--
37.17	--	-1.88704	--
37.18	--	-1.90784	--
37.19	--	-1.92352	--
37.2	--	-1.93373	--
37.21	--	-1.93817	--
37.22	--	-1.93656	--
37.23	--	-1.92868	--
37.24	--	-1.91436	--
37.25	--	-1.89349	--
37.26	--	-1.86604	--
37.27	--	-1.83206	--
37.28	--	-1.79167	--
37.29	--	-1.74511	--
37.3	--	-1.69265	--
37.31	--	-1.63468	--
37.32	--	-1.57164	--
37.33	--	-1.50405	--
37.34	--	-1.43247	--
37.35	--	-1.35753	--
37.36	--	-1.27985	--
37.37	--	-1.20011	--
37.38	--	-1.11897	--
37.39	--	-1.03709	--
37.4	--	-0.95513	--
37.41	--	-0.87369	--
37.42	--	-0.79336	--
37.43	--	-0.71468	--
37.44	--	-0.63812	--
37.45	--	-0.56413	--
37.46	--	-0.49307	--
37.47	--	-0.42527	--
37.48	--	-0.361	--
37.49	--	-0.30047	--
37.5	--	-0.24387	--
37.51	--	-0.19132	--
37.52	--	-0.14292	--
37.53	--	-0.09875	--
37.54	--	-0.05885	--
37.55	--	-0.02324	--
37.56	--	0.00806	--
37.57	--	0.03505	--
37.58	--	0.05774	--
37.59	--	0.07616	--
37.6	--	0.09034	--
37.61	--	0.10033	--
37.62	--	0.10622	--
37.63	--	0.10807	--
37.64	--	0.10604	--
37.65	--	0.10026	--
37.66	--	0.09093	--
37.67	--	0.07831	--
37.68	--	0.06267	--
37.69	--	0.04436	--
37.7	--	0.02376	--
37.71	--	0.00133	--
37.72	--	-0.02244	--
37.73	--	-0.047	--
37.74	--	-0.07179	--
37.75	--	-0.09618	--
37.76	--	-0.11953	--
37.77	--	-0.1412	--
37.78	--	-0.16054	--
37.79	--	-0.1769	--
37.8	--	-0.18967	--
37.81	--	-0.19827	--
37.82	--	-0.20218	--
37.83	--	-0.20093	--
37.84	--	-0.19413	--
37.85	--	-0.18146	--
37.86	--	-0.16268	--
37.87	--	-0.13767	--
37.88	--	-0.10638	--
37.89	--	-0.06886	--
37.9	--	-0.02524	--
37.91	--	0.02424	--
37.92	--	0.07928	--
37.93	--	0.13949	--
37.94	--	0.20444	--
37.95	--	0.27361	--
37.96	--	0.34648	--
37.97	--	0.42245	--
37.98	--	0.50093	--
37.99	--	0.58132	--
38	--	0.66298	--
38.01	--	0.74532	--
38.02	--	0.82774	--
38.03	--	0.90964	--
38.04	--	0.99048	--
38.05	--	1.06971	--
38.06	--	1.14682	--
38.07	--	1.22133	--
38.08	--	1.29277	--
38.09	--	1.36071	--
38.1	--	1.42473	--
38.11	--	1.48443	--
38.12	--	1.53943	--
38.13	--	1.58937	--
38.14	--	1.6339	--
38.15	--	1.67268	--
38.16	--	1.70539	--
38.17	--	1.73174	--
38.18	--	1.75144	--
38.19	--	1.76423	--
38.2	--	1.76988	--
38.21	--	1.7682	--
38.22	--	1.75903	--
38.23	--	1.74227	--
38.24	--	1.71784	--
38.25	--	1.68574	--
38.26	--	1.64605	--
38.27	--	1.59888	--
38.28	--	1.54444	--
38.29	--	1.48298	--
38.3	--	1.41485	--
38.31	--	1.34045	--
38.32	--	1.26026	--
38.33	--	1.17481	--
38.34	--	1.0847	--
38.35	--	0.99056	--
38.36	--	0.89307	--
38.37	--	0.79293	--
38.38	--	0.69087	--
38.39	--	0.58762	--
38.4	--	0.48389	--
38.41	--	0.38041	--
38.42	--	0.27785	--
38.43	--	0.17687	--
38.44	--	0.07809	--
38.45	--	-0.01795	--
38.46	--	-0.11072	--
38.47	--	-0.19979	--
38.48	--	-0.28475	--
38.49	--	-0.36527	--
38.5	--	-0.44109	--
38.51	--	-0.51198	--
38.52	--	-0.57778	--
38.53	--	-0.63838	--
38.54	--	-0.69371	--
38.55	--	-0.74373	--
38.56	--	-0.78844	--
38.57	--	-0.82787	--
38.58	--	-0.86207	--
38.59	--	-0.89111	--
38.6	--	-0.91506	--
38.61	--	-0.93401	--
38.62	--	-0.94807	--
38.63	--	-0.95732	--
38.64	--	-0.96189	--
38.65	--	-0.96187	--
38.66	--	-0.95739	--
38.67	--	-0.94856	--
38.68	--	-0.93551	--
38.69	--	-0.91839	--
38.7	--	-0.89733	--
38.71	--	-0.8725	--
38.72	--	-0.84407	--
38.73	--	-0.81223	--
38.74	--	-0.77717	--
38.75	--	-0.73912	--
38.76	--	-0.69829	--
38.77	--	-0.65492	--
38.78	--	-0.60926	--
38.79	--	-0.56157	--
38.8	--	-0.5121	--
38.81	--	-0.46111	--
38.82	--	-0.40886	--
38.83	--	-0.3556	--
38.84	--	-0.30158	--
38.85	--	-0.24703	--
38.86	--	-0.19216	--
38.87	--	-0.13719	--
38.88	--	-0.0823	--
38.89	--	-0.02767	--
38.9	--	0.02654	--
38.91	--	0.08019	--
38.92	--	0.13315	--
38.93	--	0.18529	--
38.94	--	0.23651	--
38.95	--	0.28669	--
38.96	--	0.33573	--
38.97	--	0.38353	--
38.98	--	0.42999	--
38.99	--	0.47499	--
39	--	0.51841	--
39.01	--	0.56015	--
39.02	--	0.60005	--
39.03	--	0.638	--
39.04	--	0.67384	--
39.05	--	0.70742	--
39.06	--	0.7386	--
39.07	--	0.76722	--
39.08	--	0.79315	--
39.09	--	0.81624	--
39.1	--	0.83636	--
39.11	--	0.85341	--
39.12	--	0.8673	--
39.13	--	0.87795	--
39.14	--	0.88532	--
39.15	--	0.8894	--
39.16	--	0.89019	--
39.17	--	0.88775	--
39.18	--	0.88215	--
39.19	--	0.87349	--
39.2	--	0.86191	--
39.21	--	0.84757	--
39.22	--	0.83065	--
39.23	--	0.81137	--
39.24	--	0.78995	--
39.25	--	0.76663	--
39.26	--	0.74167	--
39.27	--	0.71531	--
39.28	--	0.68784	--
39.29	--	0.6595	--
39.3	--	0.63056	--
39.31	--	0.60128	--
39.32	--	0.5719	--
39.33	--	0.54267	--
39.34	--	0.51382	--
39.35	--	0.48557	--
39.36	--	0.45813	--
39.37	--	0.4317	--
39.38	--	0.40649	--
39.39	--	0.38267	--
39.4	--	0.36042	--
39.41	--	0.33991	--
39.42	--	0.32131	--
39.43	--	0.30477	--
39.44	--	0.29044	--
39.45	--	0.27846	--
39.46	--	0.26896	--
39.47	--	0.26207	--
39.48	--	0.25789	--
39.49	--	0.25652	--
39.5	--	0.25803	--
39.51	--	0.26248	--
39.52	--	0.26989	--
39.53	--	0.28028	--
39.54	--	0.29361	--
39.55	--	0.30983	--
39.56	--	0.32884	--
39.57	--	0.35051	--
39.58	--	0.37467	--
39.59	--	0.40111	--
39.6	--	0.42958	--
39.61	--	0.45979	--
39.62	--	0.49142	--
39.63	--	0.52411	--
39.64	--	0.55746	--
39.65	--	0.59106	--
39.66	--	0.62447	--
39.67	--	0.65722	--
39.68	--	0.68884	--
39.69	--	0.71885	--
39.7	--	0.74677	--
39.71	--	0.77211	--
39.72	--	0.79441	--
39.73	--	0.81322	--
39.74	--	0.82811	--
39.75	--	0.83868	--
39.76	--	0.84456	--
39.77	--	0.84542	--
39.78	--	0.84098	--
39.79	--	0.831	--
39.8	--	0.81527	--
39.81	--	0.79367	--
39.82	--	0.7661	--
39.83	--	0.73254	--
39.84	--	0.69299	--
39.85	--	0.64755	--
39.86	--	0.59635	--
39.87	--	0.53956	--
39.88	--	0.47744	--
39.89	--	0.41028	--
39.9	--	0.33842	--
39.91	--	0.26224	--
39.92	--	0.18217	--
39.93	--	0.09867	--
39.94	--	0.01225	--
39.95	--	-0.07657	--
39.96	--	-0.16723	--
39.97	--	-0.25917	--
39.98	--	-0.35181	--
39.99	--	-0.44455	--
40	--	-0.53681	--
